driverId,name,ssn,location,certified,wage-plan
10,Wesley Willis,296-44-4940,"88304 Stanley Lane Suite 441
Port Sharon, AL 83238",Y,hours
11,Lindsay Morris,553-23-9350,"198 Brenda Cape Suite 025
Richardfort, NM 04555",Y,hours
12,Kristin Jackson,339-71-2467,"31282 Adams Junctions Apt. 179
Conradmouth, KY 52504",N,hours
13,Justin Blankenship,241-32-5517,"794 Rogers Stravenue
Lake Coltonshire, LA 63707",N,miles
14,Cameron Kent,479-63-4178,"4465 York Ville Apt. 528
East Tyler, NH 62833",N,miles
15,Jeremiah Hernandez,406-01-5833,"08508 Herrera Manor Suite 177
New Brittney, PW 19935",N,miles
16,Justin Williams,207-08-4830,"713 Estes Estate Apt. 067
Hunttown, NH 42418",Y,hours
17,Dr. Brittany Ballard,814-93-2879,"495 Stanley Underpass Suite 877
Lake Jonathan, WA 97470",N,hours
18,Christine Reed,569-37-0622,"2315 Jacob Union Apt. 491
Ruthchester, MO 58414",Y,hours
19,Charles Lin,469-71-2251,"Unit 1635 Box 4641
DPO AE 88051",N,hours
20,Justin Martin,566-90-1062,"600 Klein Drive
Rhondaland, MA 39412",Y,miles
21,Kelly Walsh,349-31-6913,"48383 Reyes Cliffs
Burnsmouth, WV 32481",Y,miles
22,Bill Williams,357-40-4237,"494 Benjamin Freeway
South Josephfurt, CA 52687",Y,hours
23,Jeffrey Davis,480-73-0229,"5267 Laurie Vista Suite 580
Goodwinport, NY 87569",Y,miles
24,Jared Johnson,403-56-0935,"8759 Lloyd Village Apt. 746
East Stephanie, TN 72046",Y,hours
25,Spencer Huynh,541-66-7756,"73685 Patricia Hollow Suite 890
Wrightshire, PR 63638",N,hours
26,Barbara Lamb,472-56-0428,"2024 Andrew Mountain
East Markbury, ID 36464",Y,miles
27,Bailey Reeves,542-47-9282,"864 Jessica Summit
Santiagofurt, NJ 78482",Y,hours
28,Michael Singh,454-79-3303,"441 Dunn Ford Suite 318
East Heather, NC 75475",N,hours
29,Mr. Johnathan Patel,839-42-7135,"PSC 1773, Box 6826
APO AE 98393",N,hours
30,Nicholas Ellis,684-24-9157,"PSC 2543, Box 1017
APO AE 57210",Y,miles
31,Erin Henson,873-35-4086,"4392 Lam Stream Apt. 662
Davisfurt, FM 01560",Y,miles
32,Mr. James Weaver,214-30-6707,"2670 Blair Branch Apt. 882
Thorntonbury, MT 26647",N,hours
33,Carla Stewart,416-42-6942,"535 Keith Ranch
Port Debrashire, KS 32680",N,hours
34,Michael Steele,780-88-7560,"310 Andrea Bridge Suite 974
New Fernando, LA 06517",N,hours
35,Kimberly Moreno,863-88-6197,"7325 Rachel Circles Suite 536
Port Erinfurt, UT 12408",Y,miles
36,Anna Ochoa,155-28-4057,"50001 Mcmahon Springs
Lake Julieport, MO 20257",N,hours
37,Dr. Darren Smith,692-11-7182,"7986 Moon Isle
West Denniston, LA 37001",N,miles
38,Barbara Kline,273-08-9185,"068 Jones Lock
Johnside, NY 00736",N,miles
39,Meghan Lewis,815-08-8134,"090 Gray Ford Apt. 169
Williamsfort, CO 67590",N,hours
40,Michelle Thompson,211-99-1262,"65165 Mason Land
Joshuamouth, MD 72997",Y,miles
41,Kelsey Cooley,040-83-8752,"6135 Michael Dale
Port Melaniehaven, VT 47931",N,hours
42,Megan Gregory,423-13-0889,"290 Daniel Walks
New Kimberly, NM 95321",Y,hours
43,Ana Wilson,750-88-5911,"592 Amy Lock Suite 046
New Theresafurt, AS 73367",Y,hours
44,Casey Williams,208-18-9468,"USNV Carroll
FPO AE 88844",N,miles
45,Jonathan Edwards,639-98-5419,"USS Miller
FPO AA 13539",Y,hours
46,Rebecca Andrews,738-24-3650,"48325 Rosales Mission
East Gary, GU 26584",Y,hours
47,Leah Jarvis,485-01-5909,"9288 Anna Way
New Jennifer, UT 80402",N,hours
48,Dave Johnson,037-24-2794,"054 Sherri Circle Apt. 993
Garymouth, RI 24638",Y,hours
49,Jeffrey Cohen DDS,386-90-7523,"72689 William Tunnel Apt. 558
Mauriceview, WY 17572",N,hours
50,Jacqueline Mills,393-27-6800,"3359 Nancy Mews Apt. 024
Christinaburgh, AR 97583",Y,hours
51,Spencer Walters,079-65-8594,"5803 Nicholas Creek Suite 157
West Marciaborough, AL 96707",Y,miles
52,Karen Myers,423-96-9945,"00285 Nunez Stream
Damonfort, PR 82402",N,hours
53,Jessica Bryant,210-92-9832,"47899 Williams Street
Lake Christopher, WI 50639",Y,miles
54,Lisa King,183-38-6939,"8343 James Curve Apt. 682
East Lisaburgh, AS 49387",N,miles
55,Jamie Burns,647-18-1414,"291 Jones Loop Suite 567
Kingport, WI 44338",N,hours
56,Jason Shaffer,427-71-4682,"38399 Curtis Haven Suite 691
Lake Samuelside, TN 86443",N,hours
57,Scott Hurley,523-32-6171,"92932 Carter Divide
Lauramouth, AZ 52422",N,miles
58,Joe Wolfe,051-44-5578,"349 Myers Highway
West Christian, AL 77265",N,hours
59,Tammy Boyd,152-13-6453,"9142 Blackwell Drives Apt. 524
East Christopher, IN 77365",N,miles
60,Daniel Miller,034-63-7695,"47640 Michael Creek Apt. 369
East Sheilaside, IA 14054",N,miles
61,Jeffrey Kelly,613-09-4200,"523 Noah Loaf
Davidfort, NJ 27099",N,miles
62,Mark Elliott,120-95-2718,"252 Richard Dam
Gwendolynstad, TN 40451",N,miles
63,Robert Steele,729-25-0802,"70264 Hughes Union
Port Anthony, DC 95518",N,hours
64,Eric Marquez,596-74-5687,"967 Turner Cove Suite 918
Tannerport, CO 62683",N,hours
65,Paul Lane,409-97-6961,"USCGC Patel
FPO AE 29636",N,hours
66,Caitlyn Carter,359-87-8099,"81622 Richard Neck Apt. 664
Nelsonborough, WY 87934",N,hours
67,Matthew Smith,548-70-4816,"71516 Brian Dale Suite 610
West Nicholasbury, UT 53788",N,hours
68,Michelle Hill,364-03-8700,"048 Young Circles
Lake Gregport, VA 37179",Y,miles
69,Nicole Harper,452-57-4426,"00324 Graham Fords Apt. 813
Lake Amber, TN 52460",N,hours
70,Jeffrey Murphy,644-63-7341,"467 David Rest
West Jeffreyland, FL 22595",Y,miles
71,Frances Gallagher,119-71-0034,"9019 Katherine Valleys Apt. 785
East Nancymouth, AZ 17874",Y,miles
72,Shawn Woodard,782-39-4925,"636 Harding Dale
Walkerside, OK 18517",Y,miles
73,Audrey Long,843-10-4470,"95772 Joseph Prairie
Sherrishire, SD 11574",Y,hours
74,Meghan Randolph,719-52-0233,"15399 Sharon Way Apt. 626
Chanborough, MI 05392",Y,hours
75,Shelia Price,241-56-2594,"84193 Pena Summit Apt. 903
Nathanville, FM 79001",N,hours
76,Michael Todd,153-41-9300,"626 Martin Ridge
Michaelside, NV 35946",N,hours
77,Chad Jones,474-20-4423,"3442 Michelle Squares Suite 126
South Lindsaystad, OK 36229",Y,miles
78,Chad Johnson,409-42-4402,"901 Brian Drives
West Jefferytown, AK 49086",Y,miles
79,Karen Fritz,277-59-1870,"5219 John Garden Suite 222
East Brenda, CA 09452",Y,hours
80,Todd Wheeler,788-56-2982,"384 Shaw Forges Suite 282
Jenkinsport, PR 71289",N,hours
81,Jordan Jones,384-14-1129,"7388 Jeffrey Park
North Andrewshire, IA 62602",N,miles
82,Thomas White,449-27-9812,"05175 Mcconnell Trafficway
Lake Christian, CO 93374",N,miles
83,Reginald Benson,123-79-2095,"93622 Gardner Run
South Brian, NM 50782",N,miles
84,Michael Hernandez,236-82-5983,"590 Kristen Plain Suite 027
New Jennifermouth, VI 73225",N,miles
85,Terry Pugh,464-76-2744,"563 Joann Meadow
Mooreton, MN 55145",Y,miles
86,Jeffrey Bennett,473-74-3365,"8859 Ian Forge
Alvaradoside, MS 44227",Y,hours
87,Carrie Webb,391-39-0945,"027 Massey Lock Suite 847
Port Angelicamouth, RI 33151",N,miles
88,Melissa Cisneros,405-11-8516,"990 Larsen Run Suite 111
Staceyberg, WI 34100",N,hours
89,Ashley Ross,594-72-6968,"39356 Brittany Run Suite 756
West Patrick, ND 81584",N,miles
90,Christian Cardenas,129-35-3738,"33483 Troy Shoals Apt. 344
Sotobury, NH 91059",Y,hours
91,Cindy Duarte,896-48-8175,"26627 Jonathan Passage Suite 374
West Rebecca, WI 51462",Y,hours
92,Sarah Velez,889-58-7915,"09497 Houston Overpass
Youngtown, PW 93657",Y,hours
93,Russell Ward,831-55-9284,"7563 Watts Park Apt. 928
Jasmineshire, VA 38397",N,miles
94,Alexander Bowers,112-19-1998,"9392 Wilcox Inlet Suite 860
Troyton, WI 28688",N,miles
95,Christopher Brown,133-23-2192,"318 Castro Road
West Anthony, ID 96842",Y,miles
96,Kimberly Anderson,642-21-7731,"USCGC James
FPO AP 47644",Y,miles
97,Erin Hurst,688-10-6971,"43470 Gerald Road Suite 651
Jacobshire, VT 81142",N,miles
98,Shelby Vega,439-26-9164,"942 Espinoza Inlet
Port Peterborough, OR 47506",N,hours
99,Ruth Curtis,805-22-6652,"486 Richard Ferry Suite 735
West Emily, OK 20000",N,hours
100,Elizabeth Cabrera,307-25-4532,"Unit 3873 Box 7899
DPO AP 75470",Y,hours
101,Monica Sawyer,289-77-7275,"302 Hansen Mission
North Lauren, NJ 17340",N,miles
102,Mark Harris,834-22-0903,"059 Jasmine Mount
South Glenda, CT 23859",Y,miles
103,Misty Wood,041-63-4259,"31035 Joseph Shore
Tamaraport, NV 53782",Y,hours
104,William Washington,552-62-6612,"7870 Wallace Mission Apt. 329
South Stacey, PA 34903",N,miles
105,Alyssa Jacobs,236-61-5334,"Unit 3505 Box 3654
DPO AP 20539",N,hours
106,John Guzman,226-53-9244,"9627 Weaver Loaf Suite 262
Port Edwardmouth, MH 21319",N,hours
107,Alyssa Wright,129-93-7720,"540 Barbara Station Apt. 322
Daniellefort, MH 13379",N,miles
108,Anita Mathews,157-28-4301,"0664 Smith Centers Suite 587
West Jessicahaven, AZ 97258",Y,hours
109,Christine Brown,421-97-4232,"37839 David Isle
New Jason, CA 34537",N,miles
110,Donald Collins,043-14-3819,"9551 Robinson Roads
East Aliceburgh, NC 51192",N,hours
111,Daniel Flores,050-06-3388,"656 Stephanie Park
South Michelemouth, PR 38145",N,hours
112,Leroy Hayes,439-12-2311,"31631 Heather Run
Sheliachester, MH 58360",N,hours
113,Mary Mckinney,003-16-8024,"6368 Walsh Locks Apt. 272
Amandashire, OK 94634",Y,miles
114,Samuel Marshall,676-39-9322,"866 Bailey Key Apt. 342
Coopertown, CO 91489",Y,miles
115,Kimberly Smith,816-27-7491,"0263 Keith Plaza
New Crystalview, NM 50611",Y,miles
116,Benjamin Garrett,569-43-8454,"33993 Lawrence Point Apt. 216
Port Meganfort, WY 64906",Y,hours
117,Brett Johnson,892-48-3091,"7237 Morse Mountains
Ericberg, NV 76635",N,miles
118,David Brooks,103-19-2867,"05943 Boone Meadows
Rogershaven, FL 52750",N,hours
119,Jacqueline Pratt,728-84-0685,"80531 Bryant Creek Suite 857
New Katiefort, KY 61702",N,hours
120,Melanie Harrison,648-72-0686,"540 Fields Parkways
Johnborough, CT 28358",N,hours
121,Lisa Jimenez,449-98-1581,"44311 Dennis Glens
Dennisfurt, MO 85618",N,hours
122,Katherine Nichols,085-70-6106,"904 Flores Turnpike Suite 374
Tinamouth, MH 06820",Y,hours
123,Gina Schneider,659-36-9636,"Unit 8594 Box 4735
DPO AA 67455",N,miles
124,Paul Reed,153-95-6721,"933 Karen Springs Apt. 469
West Melissa, ND 13840",Y,hours
125,Rachel Thompson,452-44-5827,"Unit 2375 Box 2663
DPO AP 37585",N,hours
126,Tiffany Thomas,204-01-3904,"25830 James Corner
West Savannahhaven, OK 34109",Y,hours
127,Joseph Holmes,782-06-4202,"994 Jennings Port
Staceyland, MT 39492",N,miles
128,Sarah Soto,586-33-8099,"Unit 1795 Box 2313
DPO AE 55538",N,hours
129,Dr. John Chavez PhD,069-28-2094,"491 Evans Point
Tracyburgh, AZ 84567",Y,hours
130,Elizabeth Powell,661-11-7405,"37954 Cheryl Row
West Johnnyton, AR 66542",Y,hours
131,Elizabeth Bell,098-29-0334,"7111 Michael Ford
New Nicoletown, NM 97287",N,miles
132,Jamie Webster,717-79-4577,"10156 Stanley Turnpike Suite 811
West Stacey, VA 77349",N,hours
133,Kristen Harris,271-13-3746,"462 Devon Lodge
New Toddburgh, NH 31019",N,hours
134,Tiffany Nguyen,843-71-7440,"77690 Griffith Glens Apt. 282
Laurafort, CO 85390",Y,miles
135,Emily Williams,764-98-3420,"887 Whitehead Wall
Howellborough, VT 80749",Y,miles
136,Yolanda Johnson,270-52-1577,"59273 Calvin Summit
North Marymouth, FM 29491",Y,hours
137,Cheryl Conley,517-23-2757,"9707 Jennifer Lane Suite 041
Hernandeztown, VI 57348",N,hours
138,Brianna Hood,288-55-4179,"3600 Martinez Summit
Silvafurt, MP 11300",Y,hours
139,Mr. Christopher Green,336-60-3759,"3973 Skinner Ridge
North Michael, GA 42557",N,miles
140,Andrew Dawson,216-96-7212,"03590 Kayla Mill Suite 653
Baileyton, NC 05106",N,miles
141,Kara Mcintyre,026-31-5324,"31738 Morris Bypass
South Kathleenborough, DC 73777",N,hours
142,Douglas Raymond,167-67-2855,"289 Miller Burg Apt. 166
Hinesmouth, PA 80560",Y,miles
143,Laura Roberts,518-33-6803,"3736 Lawrence Hollow Suite 444
East Amyton, NH 92174",N,miles
144,Chelsea Petersen,551-53-1775,"406 Elizabeth Route
New Daniel, MH 65318",Y,miles
145,Robin Hoffman,022-19-6857,"Unit 8604 Box 1816
DPO AP 74295",N,hours
146,Mary Martin,648-82-2550,"0800 Butler Plaza Suite 750
Lake Joshua, PR 56666",Y,hours
147,Rodney Anderson,425-48-5293,"0814 Coleman Lane Apt. 894
Ryanberg, SC 98111",Y,hours
148,Sandra Thomas,752-56-2414,"80562 Morris View
Charlotteburgh, MO 03022",N,hours
149,Laura Matthews,589-65-4397,"4859 Jessica Ridges Apt. 246
South Christopherchester, VI 87729",N,hours
150,Alfred Hernandez,822-73-2238,"3384 George Vista Apt. 191
Colemanville, KS 91363",N,miles
151,Diana Gonzalez,493-75-6714,"90422 Maria Rapid
New Maryborough, IL 81476",Y,hours
152,Natalie Kelly,363-57-2239,"335 Martin Highway
Ericport, MH 37041",Y,hours
153,Amy Barrett,799-28-1919,"8556 Nicholas Canyon Suite 757
Veronicaport, KS 43116",N,hours
154,Alex Griffin,882-70-1230,"367 Monique Drive
Brandonville, SD 29964",Y,miles
155,Caleb Olson,470-35-0846,"479 Martin Walks
North Johnberg, OK 79712",Y,hours
156,Bonnie Ramsey MD,135-79-7603,"0714 Smith Flats
New Aaron, VT 18584",Y,hours
157,Joshua Davies,124-07-4910,"4268 Lee Union Suite 576
Port Brenda, OR 06144",N,miles
158,Sean Miller,394-43-5160,"1654 Clark River Apt. 492
Lake Donaldshire, MD 58311",Y,miles
159,Joseph Wilkinson MD,075-42-1158,"431 Benson Forks
Hensleyview, MA 45489",Y,miles
160,Christina Long,163-76-6132,"317 Kristin Port
Darrellton, AK 40713",Y,hours
161,Kevin Powers,374-92-8360,"251 Holmes Estates Suite 026
Heatherfort, SC 04408",N,hours
162,Tracy Smith,193-78-0115,"PSC 8610, Box 5745
APO AA 60988",N,hours
163,Jacob Jennings,127-23-7275,"94242 Lucas Ranch
South Robert, KS 44511",N,hours
164,Hunter Cohen,616-76-5482,"9481 Johnson Turnpike
North Rachelfort, OK 49545",N,miles
165,Lisa Fields,236-39-9504,"8710 Martinez Gateway
New Steventon, CT 21399",Y,miles
166,Melissa Kirk,475-07-3589,"413 Ryan Summit Apt. 472
Rhodesfort, HI 09856",N,hours
167,Suzanne Hodges,379-33-9102,"362 Rachel Mews
South John, UT 62494",N,hours
168,Janet Montes,398-60-6941,"USS Bryant
FPO AE 70663",N,miles
169,Michael Miller,776-35-2372,"PSC 4642, Box 8058
APO AA 19635",Y,hours
170,Mark Browning,369-47-8321,"217 Linda Route
South Crystal, LA 97929",N,hours
171,Maria Harris,517-97-4193,"8569 Vazquez Stream Apt. 747
Myersberg, GA 27751",N,miles
172,Kim Vega,044-84-1331,"USCGC Weber
FPO AE 18194",Y,hours
173,Cristina Gonzalez,099-44-0928,"901 Paige Tunnel Apt. 723
Lake Jennifer, FM 19744",Y,miles
174,Jeremy Mcintosh,284-48-1116,"7011 Amy Heights Suite 316
Masonbury, CO 53013",N,miles
175,Amy Jefferson,467-06-6131,"6718 Victoria Plains
Lake Brianburgh, MI 79135",N,miles
176,Rebecca Sullivan,806-90-2303,"951 Kenneth Well Apt. 251
Kaylaport, UT 96373",Y,hours
177,Douglas Fox,868-35-7614,"2160 Lopez Extensions
Marthaberg, CT 59554",N,miles
178,Michael Gregory,636-14-1667,"3049 Kenneth Mill
West Rachel, AS 01936",Y,hours
179,Megan Johnson,205-30-8884,"319 Heather Freeway Suite 528
Parkerburgh, NC 86259",N,miles
180,Susan Rose,603-41-3443,"0654 Brown Plains
South Daniel, MN 91074",N,miles
181,Jessica Avila,436-01-9610,"USCGC Collins
FPO AP 03217",Y,hours
182,Natalie Riley,768-01-3069,"50494 Barnes Summit
Port Ann, VI 37838",N,miles
183,Cynthia Gordon,506-38-8750,"36861 Elizabeth Overpass
Rogersshire, WI 14616",N,miles
184,Traci Schneider,452-33-7262,"PSC 9478, Box 1140
APO AA 06905",Y,hours
185,Joseph Lane,345-85-6638,"081 Rachel Burgs Suite 311
Benjaminstad, SD 44618",Y,hours
186,Kelly Howard,217-51-3168,"426 Janet Ville Apt. 512
Brianview, DC 71807",N,miles
187,Derek Turner,370-78-6293,"881 Michael Common Apt. 838
South Davidmouth, TN 03376",N,hours
188,Jeremy Padilla,747-07-3551,"513 Richardson Viaduct Suite 489
Johnsonmouth, FL 23151",Y,miles
189,Daniel Wallace,400-83-3889,"11646 Smith Haven
Cummingsmouth, VI 82129",Y,miles
190,Laura Banks,218-34-8298,"7200 Lawrence Isle
Leemouth, WA 69491",Y,miles
191,Leah Cohen,392-40-3263,"Unit 1523 Box 6468
DPO AP 93687",N,miles
192,John Chen,418-75-0710,"83457 Adrienne Orchard
Lake Chris, PR 22710",N,hours
193,Devon Brady,451-75-2683,"81164 Perry Expressway
Mcintoshbury, NY 40810",N,miles
194,Keith Norris,045-76-8907,"87710 Bradley Street
Lopezland, TX 94547",Y,hours
195,Zachary Anderson,294-08-6780,"976 Hicks Ridge Apt. 030
North Amy, TX 27630",Y,miles
196,Jason Holmes,531-20-5572,"8572 Timothy Shore Apt. 719
Alvaradoside, WV 21953",N,hours
197,Erica Gray,258-80-0563,"578 Rodriguez Views
Williamsborough, RI 57748",N,miles
198,Tabitha Williams,259-13-0531,"241 Jones Summit Apt. 202
Robertton, MO 71180",Y,miles
199,Kimberly Gill,413-39-9884,"466 Victoria Rue Apt. 978
South Carolyn, OR 12697",N,miles
200,Emily Franklin,107-73-3891,"295 Misty Islands
North Christine, DC 61178",Y,miles
201,Teresa Cowan,780-40-9383,"0024 Mitchell Wells
South Joshua, MT 37679",N,hours
202,Scott Johnson,114-41-3447,"257 Jamie Inlet
Lake Elizabethberg, SC 03219",N,miles
203,Jessica Jones,152-31-0352,"Unit 5511 Box 5449
DPO AA 64638",N,miles
204,Edwin Martinez,348-92-9799,"USNV Roberts
FPO AE 94719",N,hours
205,Emma Mueller,256-44-3498,"28335 Craig Viaduct
Longside, OK 98952",Y,hours
206,Alyssa Collins,834-34-4432,"3948 Cody Burg Suite 783
East Joshua, DC 59758",Y,miles
207,Eric Carpenter,123-74-5855,"50547 Adams Underpass
Haysland, NM 94336",N,miles
208,Stephanie Russo,811-03-0366,"USNS Perry
FPO AP 52715",Y,hours
209,Matthew Hill,880-06-0404,"5429 Shepherd Flat Suite 342
Savagemouth, MS 45959",Y,miles
210,David Ali,484-75-4354,"1370 Fuller Road Apt. 638
Gainesview, GU 79037",Y,hours
211,Rebecca Weaver,720-27-6982,"7629 Amy Island
Wilsonstad, CA 38747",N,hours
212,Stephanie Long MD,357-83-2591,"5126 Rachel Pass
Andersonfort, RI 93415",N,hours
213,Kristen Guzman,705-37-2771,"8486 Leslie Causeway
East Johnmouth, CA 11495",Y,hours
214,Kayla Black,044-94-3362,"957 Friedman Hollow
Pamelamouth, WY 68990",N,hours
215,Cheryl Maxwell,228-92-7539,"Unit 3377 Box 3388
DPO AA 03483",Y,miles
216,Michael Goodwin,698-13-8110,"89727 Young Vista
New Sandraview, GA 09591",N,hours
217,Jennifer Howard,256-78-4907,"4855 Megan Centers
Lake Jonathanfurt, NE 85359",Y,hours
218,Kelli Simmons,492-49-8875,"75503 Rodriguez Point Apt. 512
Wardshire, NM 25077",Y,hours
219,Amy Clark,619-79-7071,"03500 Ryan Lights
Allenville, SC 57106",Y,hours
220,Margaret Anderson,482-98-3075,"15969 Yolanda Walks Apt. 394
Currytown, ND 08996",N,miles
221,Jeffrey Valenzuela,343-21-5207,"Unit 2420 Box 4265
DPO AP 49936",N,hours
222,Victor Joyce,380-01-8130,"01644 Pamela Stream
Lake Wayne, PA 11177",Y,miles
223,Robert Perez,415-07-5645,"6161 Williams Common Apt. 345
West Michelle, MS 18111",Y,hours
224,Courtney Stephens,641-23-1060,"Unit 8586 Box 7097
DPO AE 03018",N,hours
225,Jennifer Tate,804-23-7734,"1758 Baldwin Flats
Casehaven, NH 29607",N,miles
226,Eric Espinoza,777-25-1310,"2837 Casey Ramp Apt. 890
Staceyberg, RI 28098",Y,miles
227,Martin Hill,810-87-2586,"499 Brown Rest Suite 396
Marvinmouth, WA 22113",N,miles
228,Lindsey Brown,694-32-1909,"3147 Baxter Passage
Kevinville, DE 32568",Y,hours
229,Alexa Davis,185-35-1077,"6652 Kevin Pike
Morganchester, AL 41830",N,miles
230,John Montes,692-75-9155,"3283 Lee Islands Suite 637
Michaelbury, MS 27182",N,miles
231,Jesus Brown,792-32-0175,"39554 Clay Manors
Coopermouth, SC 13118",N,hours
232,John Hawkins,776-41-2707,"85172 Kristin Green
West Veronica, IN 17980",N,miles
233,Christopher Castaneda,102-98-1328,"896 Drake Ports Suite 178
Lake Brendafort, AK 98969",Y,miles
234,Debbie Berg,832-97-0966,"43928 Miller Dam
Johnsonfort, MN 01009",Y,miles
235,Anthony Sanchez,366-33-9601,"20436 Paul Branch
Robynchester, MA 65679",Y,miles
236,Zachary Wade,528-55-6125,"46313 Cassie Common Suite 642
Georgefort, FM 68581",Y,miles
237,Christopher Fields,317-83-1967,"306 Reed Roads Suite 045
Maciasside, TX 62653",N,miles
238,Monica Holloway,056-81-4950,"885 April Lodge Suite 822
North Jessica, ME 34573",Y,hours
239,Vanessa Graves,872-46-2574,"USS Norris
FPO AP 94239",Y,miles
240,Robert Sutton,361-46-5121,"USNS Rowland
FPO AA 80008",N,miles
241,Tiffany Escobar,001-21-1262,"530 Ramos Locks
Angelaland, WY 67485",Y,hours
242,Kevin Moore,237-18-1755,"4445 Joseph Square
South Tonymouth, IN 41346",N,miles
243,Jessica Allen MD,066-81-5898,"8600 Herman Parkway Suite 293
Melissachester, CO 92493",N,hours
244,Henry Everett,243-43-5721,"78367 Kaiser Club Apt. 444
Rosstown, RI 11422",N,miles
245,Melanie Davidson,038-37-2702,"941 Christine Summit Suite 074
Lake Theresa, GU 94959",N,miles
246,William Spencer,735-45-5789,"696 Tiffany Mount
Lake Jose, ME 07112",N,hours
247,Lauren Moore,680-01-7007,"533 Johnson Lock
West Robertochester, TX 49386",N,miles
248,Kimberly Schroeder,715-26-9521,"746 Jackson Mission Suite 967
Millerville, GA 22753",Y,hours
249,Donald Daniels,799-73-9874,"153 Derek Junction Suite 980
New Nicholashaven, MN 66204",N,hours
250,Austin Hardy,897-71-7366,"74436 Greene Alley Apt. 090
East Gregory, MD 48065",Y,hours
251,Nathan Kramer,007-94-7325,"35694 Maria Orchard Suite 313
Barbarastad, CO 67738",N,hours
252,Taylor Perez,114-09-1236,"1941 Simpson Square
Scottfurt, AZ 31948",N,hours
253,Zachary Nelson,470-74-2168,"5341 Tina Bridge
East Ashleyhaven, WY 28889",N,miles
254,Sean Hale,489-68-0580,"8301 Norris Neck
Mirandaland, IL 30451",N,hours
255,Kristine Anderson,261-74-5316,"3516 Juan Forge
Rojasstad, OH 27401",N,miles
256,Shelly Wiggins,588-93-2588,"4032 Ariel Pass
Beckberg, PA 69935",Y,miles
257,Aaron Patton,566-75-0902,"2391 Hernandez Circle Suite 006
New Jason, ID 17588",Y,miles
258,Diane Price,472-67-0269,"643 Salinas Well
Elizabethtown, DC 05881",N,miles
259,Michael Pitts,240-25-8728,"72557 Woods Hills Suite 027
West Adrian, TX 98082",N,miles
260,Anthony Parks,820-08-9153,"722 Tony Isle
Savagefort, IN 31769",Y,hours
261,Lauren Gilbert,280-82-4086,"Unit 3572 Box 6732
DPO AE 30558",Y,miles
262,Lydia Cox,610-47-9786,"484 Glover Crossroad
North Kathyberg, MH 38501",N,miles
263,Scott Clark,870-76-7586,"42145 Emily Route
North Kimberly, NY 68464",N,miles
264,Gary Young,885-12-0911,"2589 Griffin Mountains
South Josephburgh, DE 10271",N,hours
265,Wesley Cain,856-35-1842,"47513 Lee Locks Suite 270
Port Markfurt, DE 57848",Y,miles
266,Jennifer Larsen,136-02-3399,"26111 Suarez Parkway
New Arianafurt, RI 14807",Y,miles
267,Jennifer Pope,349-18-5706,"1143 Austin Groves Suite 827
Amandaville, WY 42334",Y,hours
268,Albert Gilmore,445-24-0510,"9040 Sarah Path
Port Edwinborough, AK 27484",N,miles
269,Michael Crawford,244-76-6086,"35684 David Oval
Ortizmouth, KY 72645",Y,miles
270,Vincent Howell,503-54-1749,"436 Owen Club
Lewisport, MS 63653",Y,miles
271,Isaiah Herman,759-24-0488,"7585 William Port Suite 477
West Katelynhaven, IA 45959",Y,miles
272,Daniel Kent,509-70-2026,"1338 Garcia Rapids Suite 383
Bryantown, MP 21768",Y,miles
273,Amy West,449-94-9984,"77074 George Bridge Suite 481
Marychester, TN 91671",Y,miles
274,Connie Tyler,568-17-9917,"631 Haas Islands
South Robin, NC 71666",N,miles
275,Sheri Mann,698-70-0106,"3719 Wise Hills
Wilsonberg, WA 72662",Y,miles
276,Shelia Dean,882-80-6998,"618 Underwood Run Apt. 528
Lake Garytown, DE 05808",Y,hours
277,Mary Morales,696-19-6410,"72137 Christopher Rapid
New Lauraside, FM 81139",N,miles
278,Crystal Cruz,827-98-6756,"7436 Erik Ports
New Elizabethville, VA 89301",N,hours
279,Wendy Foster,844-68-6699,"8064 Brian Pine
North William, GU 23058",N,hours
280,Michael Brown,041-66-2951,"612 Victor Route
East Sarah, VA 09956",Y,hours
281,Shari Silva,455-92-3136,"92178 Melissa Wells
Mcmahonborough, TX 86955",N,miles
282,David Kelley,275-40-7610,"3509 Lynn Underpass Apt. 731
Nathanside, MS 11499",Y,hours
283,David Thompson,536-21-9817,"Unit 5928 Box 5455
DPO AP 65823",Y,miles
284,Barry Roach,202-05-4352,"019 Adams Drive
West James, NE 67260",Y,miles
285,Patricia Arroyo,695-28-9986,"70666 Anthony Union
West James, AK 62226",N,hours
286,Kellie Wiggins,172-42-2246,"85465 James Fords
Smithmouth, TN 47624",Y,hours
287,Crystal Morton,337-61-1031,"252 Sara Greens Suite 075
East Michaelton, RI 64770",N,miles
288,Dr. Lucas Munoz MD,361-01-0628,"142 Hernandez Crest
Garciaview, UT 95243",Y,miles
289,David Herrera MD,792-97-0901,"658 Gregory Springs Apt. 370
West Johnnyfort, GA 24705",N,miles
290,Todd Freeman PhD,617-73-8537,"PSC 7967, Box 5078
APO AP 94925",Y,miles
291,Evelyn Soto,780-22-3543,"302 Bell Mews Suite 516
West Philliptown, FL 89588",Y,miles
292,Betty Dixon,524-43-8516,"04902 Kristen Mall
Ericabury, NM 09075",N,hours
293,Carol Smith,731-75-9038,"Unit 5129 Box 5606
DPO AP 41352",Y,hours
294,Deborah Herrera,766-08-1889,"777 Jesus Trace
Ferrellburgh, WA 87736",N,hours
295,Brittany Jones,240-77-1989,"295 Clark Pines Suite 393
Davidton, NV 70205",Y,miles
296,Angelica Davis,430-50-9642,"4533 Osborn Mills
South Marvinville, KY 72143",Y,miles
297,Richard Herman,315-07-5491,"930 Austin Village
Laurieburgh, GA 03290",N,hours
298,Morgan Hahn,812-91-8749,"USCGC Baxter
FPO AP 17570",Y,hours
299,Kimberly Orr,752-01-7885,"0811 Franklin Corners Apt. 867
Lake Martinbury, AS 95741",N,miles
300,Bonnie Gordon,242-56-4722,"Unit 1065 Box 5459
DPO AA 26582",Y,miles
301,Jose Hicks,847-70-4737,"3241 Taylor Springs
Alexisbury, MH 85687",N,miles
302,Diana Carpenter,546-82-2082,"68669 Smith Pine Apt. 166
Longshire, IA 51634",N,miles
303,Betty Clark,861-85-1414,"31977 Sanchez Lane
South Jeffrey, VA 44279",Y,hours
304,Vanessa Torres,040-47-6146,"655 Tran Road Suite 142
Scottstad, AZ 14627",Y,miles
305,Michelle Santana,577-70-3192,"666 Bowman Harbors
South Reneemouth, AL 08242",Y,miles
306,Daniel Johnson,203-75-0877,"2444 Green Park
North Jenniferport, NY 05662",N,hours
307,Robert Davis,633-40-1060,"9425 Felicia Shoal
Archerberg, TX 75181",N,miles
308,Bryan Griffith,336-28-2588,"8933 Washington Parkways
Davisville, WA 36407",N,miles
309,Dale Jones,416-37-8380,"89831 Wilcox Fields Suite 850
Nancyton, AL 82563",Y,miles
310,Shannon Wilson,206-05-3711,"3487 Daniel Meadow
New Kimberlyview, AZ 14134",N,hours
311,Melissa Mejia,091-92-1594,"0806 Latasha Vista Apt. 177
Kellyborough, MN 50061",N,hours
312,Michael Mitchell,589-96-6675,"29453 Sarah Plain Suite 556
Adamstad, PA 83340",Y,miles
313,Eric Reese,092-25-3611,"05430 Theresa Square
Padillaside, GU 83937",N,miles
314,John Kelly,341-56-5375,"56390 Greene Center Apt. 361
Sheilaborough, MD 02294",N,hours
315,Bruce Sellers,162-32-1393,"18627 Teresa Manors
Joneston, RI 13404",Y,miles
316,Paul Webb,566-99-0362,"960 Randy Place Apt. 623
Garyhaven, PR 55062",Y,miles
317,Paul Gonzalez,347-80-8720,"4937 Wise Hills
South Teresa, MH 84963",N,hours
318,Tina Kirby,448-28-1694,"508 Mckinney Lakes Suite 720
West Shawnstad, MT 05492",N,miles
319,Tiffany Jordan,135-73-4850,"4983 Edward Groves Apt. 654
East Tiffany, NE 13039",Y,miles
320,Kenneth Berry,433-76-0502,"75976 Jessica Land Suite 131
Elijahborough, SC 69753",N,hours
321,William Medina,562-77-6029,"54920 Matthews Extension
New Shelbyfurt, GU 89355",N,hours
322,Chelsea Rodriguez MD,081-41-4981,"3780 Bobby Ville Apt. 370
Lake Angela, ME 88487",Y,hours
323,Brian Smith,503-45-7010,"60886 Olivia Mews
North Loriborough, WA 70470",N,hours
324,William Cline,812-87-2667,"4905 Frank Gateway Suite 479
Benjaminville, AK 63390",N,miles
325,Jamie Acosta,385-19-4464,"0619 Lawson Trafficway
Aliciahaven, MI 35763",Y,hours
326,James Stewart,553-65-2145,"9397 Davila Court
East Nicoletown, WV 67356",N,hours
327,Anthony Brock,764-59-2114,"78803 Morales Fort Suite 475
Adamstad, MH 60038",Y,miles
328,Bonnie Armstrong,709-29-2583,"105 Stewart Keys Suite 624
Lake Daniel, PR 35805",Y,hours
329,Leah Ruiz,437-22-6611,"999 Reynolds Greens
Michelleshire, MO 17576",N,miles
330,Madison Fernandez,030-94-6399,"3693 Mills Lane
North Jeanette, NM 83112",N,hours
331,Jeffrey Fischer,874-17-3398,"4223 Callahan Ridges
East Carol, GA 35032",N,miles
332,Justin Carroll,048-78-5250,"0610 Rebecca Shore Apt. 195
Laurenstad, GA 97722",N,hours
333,Gerald Rocha,696-07-5328,"72491 Santiago Square
Coopershire, DC 45554",Y,miles
334,Maria Peters,580-43-1225,"Unit 6167 Box 4507
DPO AA 91743",Y,miles
335,Lauren Gallagher,263-25-4351,"708 Ryan Path
Lake Robertville, ID 38792",N,miles
336,Jenny Garcia,282-56-4529,"14994 Crystal Cliff
North Chad, KY 53323",Y,miles
337,Melissa Moore,016-04-0138,"563 Jasmine Circle
New Christopherchester, CT 77836",Y,miles
338,Terri Martin,202-46-9041,"901 Robert Plain Suite 515
South Marcton, FL 44705",Y,miles
339,Randall Lewis,402-92-5687,"8495 Warner Plaza Suite 780
Paulton, CO 70152",Y,hours
340,Michael Barr,834-57-7363,"367 Smith Corners
West Connor, SC 21225",Y,miles
341,Kathleen King,447-88-4558,"92937 Lewis Glen Apt. 522
South Rachelshire, MT 89558",N,miles
342,Jennifer Walsh,804-62-1119,"21505 Tracy Walks Apt. 089
Karenborough, IL 75882",Y,hours
343,Ethan Howard,090-12-1558,"400 Adams Freeway
North Elizabethbury, MH 83462",N,hours
344,Diana Brown,840-36-7836,"45930 Smith Stravenue
Port Larryhaven, FL 52448",N,hours
345,Joseph Hernandez,532-03-7613,"48475 Patel Place
New Williammouth, AZ 18502",Y,miles
346,Timothy Miller,871-16-5702,"1596 Smith Locks Suite 371
Michaelfurt, GA 23837",Y,miles
347,Paul Cruz Jr.,762-65-4900,"0497 Michael Track Suite 900
Courtneyview, CO 34475",Y,hours
348,Mark Bauer,456-20-4854,"4553 Brandon Corner
Scottburgh, IL 73653",Y,hours
349,Kimberly Schmidt,335-34-0649,"2266 Kevin Point Suite 894
Hansonfort, NH 79503",Y,miles
350,Nicholas Martinez,663-82-2475,"424 Palmer Crescent Suite 779
Williamsbury, AZ 11012",Y,hours
351,Kenneth Allen,315-08-3411,"918 Williams Oval Suite 460
Hannahshire, NM 39130",Y,hours
352,Elizabeth Coleman,845-31-6356,"5384 Rice Mountains
East Brandon, NM 16034",N,miles
353,David Davis,846-46-8426,"Unit 9559 Box 0367
DPO AP 35858",Y,hours
354,Leon Rogers,589-95-3407,"727 Mitchell Lock
Port Michelleview, VT 82115",N,miles
355,Miss Kelly Hurst MD,731-53-1889,"6255 Steele Throughway
Weberstad, MH 43455",N,miles
356,Michael Ross,620-56-9382,"919 Dean Islands
Amandamouth, VA 65841",N,miles
357,Steven Brown,101-01-8664,"27371 Shannon Spur
Kramerport, NV 62746",Y,hours
358,David Frye,692-38-3540,"52352 Cole Freeway
West Marioport, IL 28206",Y,miles
359,Crystal Mitchell,477-31-6017,"1892 Erika Plains
Marksfort, UT 71392",N,hours
360,Rhonda Boyer,139-95-8343,"13867 Lucas Lane
Pattybury, MO 45507",Y,miles
361,Maria Krause,774-66-9487,"152 Villarreal Circle
Veronicaland, VA 26622",Y,hours
362,Larry Bennett,846-11-2586,"62599 Holmes Mountains
South Nathanview, MP 55252",Y,hours
363,Erin Russell,449-68-4739,"96087 Cabrera Curve
West Joshualand, DE 13827",Y,miles
364,Susan Rowe,883-85-5942,"USNV Hicks
FPO AP 42390",Y,hours
365,Brad Grant,896-09-8626,"219 Eric Via Apt. 199
Gardnerton, FL 28435",Y,hours
366,Ryan Carson,497-34-4789,"Unit 7961 Box 3110
DPO AA 35237",N,miles
367,Matthew Jones,669-26-2622,"114 Chloe Flats Suite 529
Benjaminport, MP 90981",N,hours
368,Calvin Davis,066-87-3148,"53558 Shepherd Field Suite 432
Barbarafurt, ID 79177",N,miles
369,Jennifer Mccarthy,285-61-7761,"3943 Evan Mountain
Leslieburgh, OK 83524",Y,hours
370,Yesenia Turner,600-64-1824,"32622 Pineda Mount
Ramseyview, LA 55802",N,hours
371,Aaron Dawson,012-04-6081,"36339 Banks Road
Charlottefurt, AS 29082",N,hours
372,Justin Brown,203-01-0126,"327 Petersen Springs
Fitzgeraldland, OR 53234",N,hours
373,Ashley Warren,150-35-0495,"USS Houston
FPO AP 34196",N,miles
374,Paul Perez,532-76-6291,"734 Flores Turnpike
East Miranda, MO 79608",N,miles
375,Amy Knox,829-53-1696,"4755 Donna Cliff Apt. 638
Juanmouth, AZ 80432",N,hours
376,Mary Farrell,369-23-6786,"60443 Madison Throughway Suite 408
West Carrie, OR 29634",Y,miles
377,Kathleen Hardy,609-21-0511,"918 Nathan Points
North Amy, OH 54826",N,hours
378,Kevin Medina,600-96-3821,"PSC 3932, Box 4302
APO AE 37081",N,hours
379,Samuel Gutierrez,450-44-6167,"Unit 1010 Box 6936
DPO AP 76597",N,hours
380,Joshua Martin,704-08-4099,"925 Campbell Port Suite 042
East Stacyland, UT 48540",N,hours
381,Sarah Banks,393-02-3357,"92765 Rachel Mission Apt. 440
Brownmouth, PW 16333",N,hours
382,Lisa Ramirez,339-04-3781,"PSC 5416, Box 9575
APO AP 43040",Y,hours
383,Janice Rosario,610-85-1597,"34811 Johnson Field
New Tony, ID 97018",Y,miles
384,Steven Miller,461-48-8206,"62057 Joseph Roads Suite 229
North Matthewberg, TN 34123",N,hours
385,Christopher Young,888-21-9925,"527 Jessica Ranch
Mccarthyborough, ME 99391",N,miles
386,Donald Smith,093-83-5003,"24876 Lee Valley
South Brianton, DE 85201",N,hours
387,Dr. Chad Garcia,370-28-9308,"0931 John Mount
West Christopherhaven, NJ 94906",N,miles
388,Cristina Bird,479-54-2724,"Unit 2330 Box 1252
DPO AP 28283",N,miles
389,Michael Johnson,041-36-6339,"89491 Curtis Summit
West Alfred, PR 53611",Y,miles
390,Ashley Lopez,246-06-0366,"8624 Cole Pines
North Stephanieshire, MH 15963",Y,hours
391,John Vazquez,251-12-9407,"266 Amanda Hills Suite 406
North Jeffrey, AK 47305",Y,hours
392,Ricky Powell,343-41-4770,"1781 Daniel Stream
Madelineburgh, AS 52166",N,miles
393,Mark Wright,212-27-1775,"29240 Ford View Suite 093
Kristenport, RI 97957",Y,miles
394,Sean Burnett,823-81-2005,"USNV Murphy
FPO AE 23207",N,hours
395,Dana Bush,707-35-1998,"6789 Estrada Cliff Apt. 149
Lake Susanville, AK 16131",Y,hours
396,David Tucker,397-52-7170,"USNV Elliott
FPO AP 84555",Y,hours
397,Arthur Newton,718-64-3608,"26057 David Stream
Julieborough, LA 46345",Y,hours
398,David Clark,756-85-8424,"63963 Roger Park Suite 140
West Williamfort, MA 90547",Y,hours
399,Mary Huffman,598-15-7128,"16581 Perez Passage
Christophershire, OK 50185",Y,miles
400,Geoffrey Parks Jr.,264-08-6570,"USNV Johnson
FPO AP 83833",N,hours
401,Steven Bailey,079-76-7982,"25087 Christine Motorway Apt. 786
Markborough, NJ 96340",N,hours
402,Brian Conner,223-99-3777,"547 Evans Radial Suite 079
Port Jason, VA 57212",Y,miles
403,Douglas Arellano,794-91-1109,"13443 Hill Isle
West Danielle, MA 63905",Y,miles
404,James Johnson,888-37-2079,"129 Cory Corners Suite 464
Susanchester, AK 30144",N,miles
405,Juan Neal,216-53-8189,"Unit 0198 Box 8750
DPO AP 60850",Y,miles
406,Joseph Jones,698-87-0831,"41663 Marie Isle
Chrismouth, VT 39726",Y,miles
407,Clinton Monroe,375-31-5450,"54394 Merritt Parks Suite 881
New Jasontown, VT 59874",Y,hours
408,Ronald Mills,571-65-5381,"117 Charles Port Apt. 014
Davidport, CT 78572",Y,miles
409,David Jordan,129-86-4883,"12384 Sandoval Ways
Jensenton, UT 50169",Y,hours
410,Brooke Jones,315-04-4491,"06762 Marc Square Suite 766
North Christianburgh, IN 90666",N,miles
411,Mark Velasquez,121-36-7601,"75028 Wagner Mews
Reyesmouth, WA 69690",Y,hours
412,Jamie Cowan,467-21-4561,"3170 Tiffany Radial
North Mariaport, AL 91005",N,hours
413,James Curry,528-86-1167,"6265 Nguyen Vista Apt. 348
West Samuel, MO 71709",Y,miles
414,Cindy Klein,802-98-4256,"53497 Jacob Viaduct Apt. 976
Wrightview, KY 69455",Y,hours
415,Erika Roberts,718-82-6784,"2294 Ross Shoal
Natalieshire, SD 83305",Y,miles
416,Stephen Cain,557-55-8646,"83919 Ward Route
Mirandafurt, SC 32159",N,hours
417,Dennis Scott,392-35-7629,"88979 Martinez Crescent Suite 818
Lake Brandon, IL 88433",N,miles
418,Monica Ford,091-57-6227,"1523 Dominguez Turnpike
Port Josephborough, MP 04780",N,miles
419,Michael Johnson,255-88-6554,"5589 Hernandez Alley Apt. 890
Lake Blake, WA 21259",N,hours
420,Christina Griffin,818-79-3086,"6435 Leah Neck
Wallsmouth, NY 45283",N,miles
421,Robert Odom,633-11-4345,"286 Davidson Freeway Apt. 466
New Andrewhaven, AZ 83746",N,hours
422,Gina Robinson,753-32-8812,"8628 Cathy Ridge Apt. 185
Port Lawrenceside, MN 69469",N,hours
423,Monique Ellis,871-46-6349,"690 Rebecca Passage
Rodriguezside, MS 48466",Y,hours
424,Mrs. Sandra Johnson DVM,558-05-9188,"825 Brown Station Suite 709
Davidchester, LA 84145",Y,hours
425,Connor Rollins,738-39-6290,"66050 Simmons Neck
Amyhaven, NC 64954",Y,miles
426,Tony Ibarra,403-45-7333,"197 Mcgee Fall
Daughertyhaven, NJ 81627",N,miles
427,Sarah Jones,101-51-6749,"855 Daniel Ridge Suite 323
Port Amandatown, WY 03531",N,hours
428,William Stone,556-63-8125,"88967 Hutchinson Courts
East Melindaland, PR 18634",Y,miles
429,Rachel Hopkins,493-12-5275,"9456 Cross Overpass
Tonibury, NC 49049",N,hours
430,Jessica Madden,053-26-0267,"81438 Steven Inlet
Masonborough, AS 54456",Y,miles
431,Shelly Steele,034-22-6941,"52504 Blevins Fork Suite 752
South Emmamouth, VI 97324",Y,miles
432,Marcus Garcia,407-04-3580,"USNS Patterson
FPO AP 46683",Y,miles
433,Alejandra Campbell,627-79-6516,"7800 Brown Island Suite 418
Colemouth, OH 31034",Y,hours
434,Crystal Parker,267-95-2521,"021 Patricia Grove Apt. 178
South Laurenbury, VA 39627",N,miles
435,Cindy Burke,324-92-2544,"143 Williams Mountain
West Joshuaside, TN 97466",N,miles
436,David Hughes,498-30-2080,"446 John Loop
Bradystad, SC 55243",Y,hours
437,Janet Wade,080-67-7555,"19238 Cobb Parkways Suite 514
Robbinsstad, ME 56085",N,hours
438,Chad Vargas,430-89-3428,"40888 Johnson Forges Suite 794
Brownstad, DE 02564",N,hours
439,Joe Villa,651-36-5489,"823 Melissa Mission
West Lindahaven, MN 86283",Y,miles
440,Michael Jones,414-98-0700,"PSC 8397, Box 0841
APO AE 29507",Y,miles
441,Grace Ward,310-82-5457,"PSC 2286, Box 4315
APO AA 26154",Y,hours
442,Marcus Williams,475-73-2149,"2753 Fields Place Suite 513
South Lindseytown, AK 26374",N,hours
443,Mckenzie James,529-05-3900,"555 Stephens Port Suite 392
Alexanderview, MA 57564",N,miles
444,Jacob Herring,265-93-8831,"4499 Kaufman Pine
Markview, ND 23023",Y,miles
445,Elizabeth Kim,520-26-9197,"297 John Landing
West Susanbury, MS 23453",N,miles
446,Sarah Wheeler,585-17-0362,"51068 Hayes Isle
Walkershire, NY 95215",Y,miles
447,Deborah Reynolds,052-26-5695,"7572 Shannon Falls
Brownville, WV 57035",N,hours
448,Christopher Fuller,837-38-6156,"499 Meyer Ford
North Victortown, MH 64491",N,miles
449,Troy Rivera MD,709-52-8270,"3828 Susan Stream Suite 373
East Scottborough, DC 75910",Y,hours
450,Robert Estes,423-30-9891,"10633 Patrick Locks
East Timothyland, OR 38434",N,miles
451,Elizabeth Jennings,730-48-8967,"791 Cassandra Station Apt. 898
Mitchellville, GU 94597",Y,hours
452,Anita Johnson,848-49-4616,"USS Ortiz
FPO AE 46127",N,hours
453,Hannah Hughes,615-83-8008,"Unit 0324 Box 7473
DPO AP 59526",N,miles
454,Rebecca Chavez,070-12-1743,"328 Nicole Crest Suite 833
Wilkinsside, OH 37266",N,hours
455,Maria Carter,371-58-8829,"4200 Lambert Lock
Jerrytown, MT 64348",Y,hours
456,Anna Huber,874-38-0391,"829 Tyler Junctions Suite 215
Robinsonstad, UT 91535",Y,miles
457,Nicole Smith,396-15-4096,"7564 Cameron Plaza Suite 043
Jordanmouth, FM 69167",Y,miles
458,Caroline Wood,408-83-6085,"559 Ball Springs Suite 468
Jensentown, NY 25508",Y,hours
459,Nathan Moore MD,203-82-3215,"10520 Brown Crescent
Port Monicaborough, IN 41829",N,miles
460,Jennifer Armstrong,253-34-7780,"8498 Mccullough Ridges
North Brenda, MP 10378",N,hours
461,Mark Conley,167-98-0301,"7518 Scott Turnpike Apt. 557
West Heatherberg, NC 96264",Y,hours
462,Ricky Johnson,294-40-9748,"65964 Emily View Apt. 936
Williambury, VI 84465",Y,hours
463,Rachel Smith,478-71-5341,"581 Gonzalez Rest Apt. 695
Edwardmouth, VI 81985",N,miles
464,Olivia Bryant,706-65-3430,"37116 Jose Brook
Millsfort, CO 39338",Y,hours
465,Beverly Smith,220-78-5107,"241 Mccall Forest
North Stephen, ID 15239",N,miles
466,Michelle Chan,155-60-6497,"494 Smith Valley Apt. 798
South Angela, PR 46124",Y,miles
467,Carlos Morrison,857-78-3664,"26187 Golden Crossroad Suite 624
Stevensonland, IL 17310",N,hours
468,Carlos Castillo,394-24-2579,"64511 Perry Springs
Gonzalezfort, MO 90348",Y,hours
469,Evelyn Hill,347-36-1107,"99724 Cox Plain Apt. 643
Lorettachester, LA 84768",Y,hours
470,Stephanie Bryan,006-69-8710,"1636 Cody Groves
North Joanna, WI 47521",Y,miles
471,Mark Davis,288-39-5822,"70160 James Knolls Apt. 277
Jeremychester, AR 41645",N,miles
472,David Taylor,873-03-1414,"0672 Victoria Island
Huffmanport, MT 95565",Y,hours
473,Joshua Ellis,359-88-7448,"77924 Mccormick Pines Suite 554
North Deborahberg, ID 06340",Y,miles
474,Jennifer Jefferson,546-19-6545,"665 Dyer Forge
North Lisa, NV 85566",N,hours
475,Chelsea Wilson,626-15-7142,"4459 Chambers Alley Apt. 481
Amandaborough, NH 75123",N,hours
476,James Travis,006-98-7271,"340 Gonzalez Landing Suite 968
East Richardstad, MN 09355",Y,hours
477,Meagan Kim,384-66-9647,"31312 Green Fall Apt. 376
Erinfort, ID 63942",N,miles
478,Alexandra Kennedy,050-37-1267,"38476 Mark Coves Apt. 767
Parkerborough, NM 21966",Y,hours
479,Robert Barnes,733-19-0755,"554 Mccormick Garden Apt. 943
Lake Debrahaven, TN 80658",Y,miles
480,Sierra Boyd,035-75-8573,"76294 Bryant Shores Apt. 097
Brookeport, NM 78643",N,miles
481,John Mora,534-31-5872,"68299 Joshua Mountain
Brooksburgh, MS 34637",Y,miles
482,Brian Brown,599-15-8109,"5906 Johnson Lodge
North Marvin, VA 12014",Y,hours
483,Mitchell Villarreal,286-39-3321,"472 Murphy Trail
West Arthur, MT 57084",N,hours
484,Kevin Lopez,341-17-2848,"9753 Wilson Port Apt. 070
Lake Danielport, RI 05665",N,miles
485,Brandon Taylor,713-41-4577,"2782 Williams Shore
Coreyport, OK 48430",Y,miles
486,Nancy Kim,333-99-5178,"06129 Maria Flat
Port Lisa, WI 18599",Y,miles
487,Lindsey Diaz,768-08-8851,"5154 Dawn Forks
North Cassandra, MS 21432",Y,hours
488,Virginia Stafford,247-29-1781,"299 Andrew Circles Suite 114
New Thomasside, NM 16553",Y,miles
489,Shelley Shaw,417-32-0075,"4387 Mary Divide Apt. 399
Cruzchester, OH 47077",Y,hours
490,Steve Lewis,568-16-0246,"7271 Thompson Fort Suite 759
Burtonville, FM 50103",Y,hours
491,William Campbell,877-12-4811,"37855 Daniel Key Apt. 547
Millerside, TX 22238",Y,miles
492,Ryan Cannon,480-42-2009,"65275 Jefferson Court Suite 612
North Jillberg, MD 06693",Y,hours
493,Kevin Payne,554-23-3489,"017 Vasquez Flats Apt. 708
West Robert, DE 01922",Y,hours
494,Bryan Obrien,838-91-6412,"8498 Mack Forges
Crossshire, CO 25085",N,miles
495,Victoria Martin,827-94-4999,"14998 Moss Brook
Johnsonhaven, NY 96383",N,miles
496,Kathy Hughes,664-20-7034,"707 Smith Plains
North Tamiport, WV 35310",Y,hours
497,Lynn Evans,206-21-8932,"03393 Jessica Parkway
Mendozaville, KS 69503",Y,hours
498,Mrs. Sherri Moore,668-62-9367,"2071 Jackson Mount Apt. 522
West Alan, CO 23090",N,miles
499,William Donaldson,467-37-0724,"7696 Erica Center Suite 782
North Catherineview, AR 90571",Y,hours
500,Brittany Cooper,476-20-6620,"266 Thomas Way
South Julia, ND 19993",Y,miles
501,Lacey Kelly,484-26-8684,"7981 Matthew Square
Garyland, CO 18223",Y,hours
502,Janet Bowman,321-49-4676,"USNS Lewis
FPO AE 72508",Y,hours
503,Christopher Williams,394-73-5660,"62874 Susan Harbors
South Joan, OK 65130",N,miles
504,Robert Sloan,031-22-1443,"814 Jackson Crescent Apt. 475
New Joseph, MO 57927",Y,miles
505,Jane White,193-30-7818,"811 Alexis Road
West Sara, OR 55288",Y,miles
506,Chelsea Savage,679-77-3981,"73465 Sarah Islands
South Justinhaven, CT 55979",N,miles
507,Warren Powell,350-42-2086,"05131 Bailey Green
Paulberg, PW 33950",N,hours
508,Taylor Perkins,481-23-5373,"83853 Ashley Drives Suite 958
Vargasberg, DC 77899",N,hours
509,Joseph Charles,474-01-8982,"175 Hooper Street Suite 107
North Jamie, NE 43443",Y,miles
510,Carol Melton,449-32-6202,"2076 Edward Circle
North Regina, AS 07807",N,miles
511,Natalie Cox,715-84-3184,"95336 Jamie Throughway
Evanschester, NV 38956",N,hours
512,Isaac Sutton,614-14-4082,"0228 Gabriel Mount Apt. 072
New Robertshire, FM 02969",N,miles
513,Kathleen Hughes,219-88-7069,"03985 Amy Plain
East Jodiville, MT 69450",Y,hours
514,Anthony Thornton,026-54-6414,"14513 Christopher Brooks Apt. 140
Noahton, VA 87756",N,miles
515,Sandra Reed,499-79-0161,"175 Diaz Key Apt. 384
Popestad, SC 13127",N,miles
516,Jeremy Alexander,404-03-5119,"0281 Haney Street Apt. 784
Saraton, NH 38352",Y,miles
517,Jessica Ruiz,178-84-3460,"776 Reed Dale
Port Christopher, KY 93708",Y,hours
518,Anthony Smith MD,516-90-3443,"051 Morris Stravenue Suite 342
Randychester, NJ 05610",N,hours
519,Edward Lewis,196-41-0665,"401 Thomas Wells Apt. 318
East Carrie, WA 39908",Y,hours
520,Patricia Green,725-81-3285,"315 Mcintyre Knolls Suite 450
Michelletown, CO 95371",N,miles
521,Mr. Joe Warren,835-41-2340,"20416 Heather Junction Suite 155
New Terryhaven, LA 41700",Y,miles
522,Vincent Strong,529-36-3996,"PSC 6320, Box 0843
APO AA 39092",N,hours
523,Gilbert Perez,612-69-6151,"PSC 1790, Box 2492
APO AP 08781",Y,hours
524,Melanie Cruz,660-02-9185,"766 David Turnpike
Susanland, AR 00623",Y,hours
525,Hannah Rodriguez,498-50-5690,"3214 Perry Radial Suite 591
Jacobsville, KY 52241",N,hours
526,Shannon Bates,208-31-5705,"5628 Nguyen Corners Suite 944
Porterchester, VA 76755",N,miles
527,Richard Harris,881-82-2779,"6661 Jennifer Inlet Suite 558
South Jackie, MO 79602",Y,miles
528,Andrew Mora,846-90-6699,"5663 Robinson Locks
West Michaelbury, NV 48227",Y,miles
529,Rachel Jimenez,584-59-8684,"46766 Hansen Center Apt. 839
South Alyssabury, GA 80655",Y,miles
530,Amy Long,300-02-1227,"5533 Rollins Loaf Apt. 408
West Johnville, TN 95731",Y,miles
531,Clinton Phillips,361-92-8409,"4066 Hunter Plaza Suite 277
Ryanside, WY 48825",N,hours
532,Kelsey Harvey,891-32-3924,"PSC 5386, Box 6526
APO AP 41169",Y,hours
533,Pam Molina,571-19-0043,"797 Dickerson Parkways
New Heather, UT 67222",N,miles
534,Ashley Robinson,737-74-7214,"Unit 3849 Box 0182
DPO AA 23780",N,hours
535,Elizabeth Chaney,043-15-5608,"91088 David Way
Lake Tiffany, MH 67222",Y,miles
536,Victoria West,201-14-0526,"5798 Hoffman Hollow Apt. 704
Melissatown, MD 83306",N,hours
537,Kelly Miller,616-78-0794,"332 Bell Viaduct Apt. 650
Adamstad, GA 97041",N,miles
538,Leslie Garcia,502-64-8448,"52134 Clayton Place
Angelafurt, FM 77569",N,miles
539,Lori Miller,687-12-5408,"Unit 1575 Box 7741
DPO AA 55809",Y,hours
540,Michael Bullock,333-59-9890,"381 Maddox Summit
Randolphfort, WY 44759",N,hours
541,Martha Scott,814-57-3067,"Unit 5136 Box 5347
DPO AA 69591",N,hours
542,Wendy White,661-67-5036,"45725 Frank Forges Suite 875
Kellyton, ID 72321",N,miles
543,David Smith,203-21-6722,"Unit 3754 Box 0635
DPO AA 80040",Y,hours
544,Dr. Tony Barr MD,396-54-8383,"447 Maria Valley
New Lorraineville, MH 44698",N,hours
545,Kevin Walker,767-75-4232,"2218 Flores Expressway
Spearsmouth, VA 65542",Y,hours
546,Amy Boyd,727-48-8685,"512 Bell Locks Apt. 039
North Michaelmouth, NH 82068",N,miles
547,Tina Dixon,009-42-7507,"899 Martin Point Apt. 051
Rebeccatown, ID 00687",Y,miles
548,Joseph Bird,713-84-5466,"8787 Sheila Inlet Suite 991
Bobbybury, HI 81097",Y,hours
549,Christian Alvarez,364-98-7973,"61464 John Plaza Apt. 604
Hickmanmouth, PW 15393",Y,miles
550,Richard Garner,495-42-4397,"395 Vasquez Inlet
Port Christopherside, AR 79249",N,hours
551,Renee Brown,188-49-5588,"22358 Dawson Tunnel
Jenniferstad, OH 89981",Y,hours
552,Debra Morris,845-30-4091,"PSC 2364, Box 3801
APO AE 13445",Y,hours
553,Eric Newman,113-75-1455,"84353 Townsend Cape
Jonesstad, VI 74626",N,miles
554,Leah Thomas,449-05-2143,"Unit 4227 Box 6771
DPO AP 74612",Y,hours
555,Mr. Joseph Harper,092-92-4764,"946 Leonard Stream
Williamsshire, TN 91222",Y,hours
556,Mason Myers,774-77-5699,"944 David Harbor Suite 716
New Diane, OR 11891",N,miles
557,Phillip Figueroa,456-33-7180,"433 Thomas Circle
North Kelly, SC 44241",Y,miles
558,Susan Marshall,831-91-9181,"862 Sheri Trace Apt. 536
Colliermouth, AS 21670",N,hours
559,Angela Velazquez,121-32-3015,"489 Kristina Vista Suite 003
Davistown, PW 14464",Y,hours
560,Nicholas Bruce,270-64-0383,"Unit 6898 Box 3305
DPO AE 57136",N,miles
561,Logan Greene,324-22-3668,"PSC 9139, Box 9843
APO AE 49010",N,miles
562,Sharon Mcclain,262-70-7100,"76776 Derek Ford
Port Markmouth, MA 45328",Y,miles
563,Lauren West,607-12-1012,"199 Farrell Land
West Matthewview, AZ 02307",Y,miles
564,Scott Johnson,749-87-5991,"7361 Fitzpatrick Garden Suite 680
Jonfort, RI 67862",N,hours
565,Cindy Nichols,197-69-5286,"121 Curtis Greens Suite 873
Port Jefferymouth, AK 08998",N,miles
566,Jennifer Dudley,629-68-8479,"41649 Hammond Drives
Lake Kaylamouth, AS 44172",N,miles
567,Jesus Tate,500-16-9966,"4079 Foley Track
East Bryan, IL 38602",N,miles
568,Kelsey Hodge,042-06-9183,"8891 Victoria Rest
Jenniferfort, MS 79766",Y,miles
569,Kelsey Johnson,513-40-0239,"622 Michelle Stream
Lake Stevenstad, MH 76357",Y,hours
570,Kenneth Howe,327-36-4611,"1020 Lee Crossroad Suite 155
East Arthur, RI 20741",Y,hours
571,Lauren Wallace,173-92-0741,"98830 Carrie Harbors
Mckenzieside, MS 35190",N,hours
572,Brianna Alexander,410-16-5710,"404 Carlson Isle Suite 524
South Dustinbury, MA 43643",Y,miles
573,Michelle Skinner,818-46-3473,"208 Walker Extension
New Alex, OK 32189",N,miles
574,Olivia Andrews,779-61-5427,"5374 White Village
Ryanview, IA 69899",N,hours
575,Emma Rodriguez,855-68-9889,"USNS Harper
FPO AE 81542",N,hours
576,Kim Garcia,875-73-1429,"853 Jonathan Street Suite 665
South Scott, MS 53619",N,miles
577,Alejandro Anderson,733-28-2832,"820 Archer Oval Suite 343
Port Daniellestad, OK 90731",Y,hours
578,Tyler Miller,021-90-0831,"15097 Diaz Stream
West Susanchester, MI 09893",Y,hours
579,Michael Higgins,686-65-8358,"298 Ariel Summit Suite 339
New Stephentown, ND 62676",Y,hours
580,Jennifer Pearson,078-45-0042,"8686 King Spurs Suite 439
West Lorettamouth, CA 65552",N,hours
581,Jeffrey Mays,741-54-6566,"5399 Thomas Falls
Warrenport, NH 16797",N,hours
582,Sharon Hinton,043-99-3281,"4732 Mccoy Key Suite 547
South Brandonland, WV 49990",N,miles
583,Roy Hogan,238-65-4747,"70702 Orozco Groves Suite 227
Lake Walterland, WA 28278",Y,miles
584,Gary Evans,536-02-0270,"01106 Anna Route
Carrollmouth, PW 16113",Y,miles
585,Victoria Perez,797-63-6881,"6480 Carpenter Hills Suite 927
Robertland, VT 77296",Y,hours
586,Debra Johnson,229-33-2196,"9291 Paula Lakes
New Natalieport, DC 74246",N,hours
587,Tara Parks,270-79-9801,"PSC 9915, Box 1384
APO AA 35062",Y,miles
588,Randy Johnston,637-79-9651,"617 Ashley Port Suite 008
Rebeccachester, PA 21863",Y,miles
589,Lisa Crane,578-26-7733,"18706 Rose Stravenue
West Angela, NM 65953",Y,miles
590,Rachel Wallace,263-51-5874,"432 Kim Port Suite 286
West Jay, RI 12610",N,miles
591,Jamie Shepherd MD,162-07-3223,"Unit 6619 Box 4257
DPO AE 11928",N,hours
592,Nathan Galvan,033-99-8850,"92949 Ramirez Bypass
Smithport, IA 90821",N,miles
593,Miranda Manning,693-57-8489,"80176 Walls Way Suite 075
Martinezport, ID 61619",Y,hours
594,Christian Bentley,114-86-8427,"507 Rodriguez Expressway
Foxhaven, DC 34665",N,hours
595,Edward Mann,865-21-7154,"6965 Beverly Avenue Apt. 302
New Craigchester, MT 38714",N,miles
596,Ashlee Flores,350-68-5189,"92811 Crane Locks Apt. 389
Thomasside, ME 36031",N,miles
597,Justin Barr,752-11-2829,"696 Tony Burgs
Port Kristopher, IN 67638",Y,hours
598,Amanda Lewis,750-84-0807,"948 Villegas Ville Suite 195
East Peter, MN 39829",N,miles
599,Jennifer Krueger,490-55-4666,"64982 Nguyen Lane
New Jessica, AL 69592",N,miles
600,Michael Heath,849-93-3794,"316 Jennifer Prairie
Curtistown, ME 97224",N,miles
601,Cathy Armstrong,339-73-2871,"35201 Harvey Crest
New Emmahaven, LA 20363",N,hours
602,Diamond Hill,898-94-6086,"PSC 1330, Box 1890
APO AP 98466",Y,hours
603,Emma Hancock,768-09-4706,"956 Antonio Crest
New Adamshire, ME 87848",Y,hours
604,Charles Johnson,142-17-1848,"Unit 6510 Box 1907
DPO AP 78446",N,miles
605,Craig Davidson,604-49-2018,"75957 Kerr Freeway
Kevinfurt, MP 68866",N,miles
606,Debra Wiggins,514-85-7927,"03168 Gonzales Extension
Lake Scott, IA 64575",N,hours
607,Lisa Lee,241-02-0505,"5484 Michael Radial
Wileyside, MH 18780",Y,miles
608,Margaret Smith,467-63-7326,"5909 Paul Lake Suite 402
Bradleymouth, UT 27732",N,hours
609,Kimberly Patrick,787-64-4767,"32164 Tiffany Valley Apt. 683
New John, DC 61479",N,hours
610,Scott Tapia,659-83-1477,"Unit 9523 Box 2291
DPO AP 05541",Y,hours
611,John Weaver,374-63-1212,"8560 Frank Garden Apt. 107
South Sandra, NY 62626",Y,miles
612,Ashley Gibson,454-57-6490,"01942 Lisa Light
Aprilstad, GA 33177",Y,miles
613,Shannon Mclean,347-85-5543,"7486 Briana Ramp Apt. 522
Jimmyport, SC 85297",N,miles
614,Alicia Warren,503-84-7162,"Unit 3973 Box 0593
DPO AA 60268",Y,miles
615,Ronnie Nelson,516-68-2966,"9085 Wendy Centers
South Joshuaport, WV 78289",N,miles
616,Heidi Cooper,594-20-9252,"89100 James Terrace Apt. 186
West Craig, LA 12686",N,hours
617,Erin Sampson,102-48-8304,"218 Mcgee Cove
Normantown, DE 81570",Y,miles
618,Kim Brown,769-01-9731,"Unit 4115 Box 8397
DPO AP 67965",N,hours
619,Joel Sims,512-05-9379,"704 Sandra Track
Hallland, NH 15553",Y,hours
620,Douglas Wiley,337-83-9895,"674 Mejia Union Suite 134
West Jenniferborough, IA 63208",N,hours
621,Brandon Klein,114-31-0759,"406 Carol Parks
Jeremyville, NM 16833",Y,hours
622,Nicole Chambers,314-98-3439,"Unit 7650 Box 8379
DPO AA 86070",N,miles
623,Robin Bowman,282-67-4872,"42676 Vickie Viaduct Apt. 378
Lake Nicoletown, AL 97961",Y,miles
624,Joseph Graham,291-58-2179,"1298 Moore Gardens
Martinside, KS 93621",Y,miles
625,Ryan Ryan,148-88-5577,"13531 Allison Islands
East Nancy, AZ 76389",N,hours
626,Michelle Murphy,643-71-4121,"9084 Cheryl Pass Suite 482
Jacobsside, NJ 21886",Y,hours
627,Mary Lee,702-29-3084,"55330 Cameron Plains Apt. 362
West Andrea, KY 07373",Y,miles
628,Teresa Henderson,609-19-0731,"PSC 0002, Box 7824
APO AA 75762",Y,miles
629,Dana Lindsey,181-91-6778,"13370 Joseph Station
East Kimberlyland, MH 14607",N,hours
630,Justin Bolton,134-04-0719,"03972 Gray Roads
East Stevenchester, TN 12069",Y,hours
631,James Ingram,579-78-1138,"2363 Albert Turnpike
Hammondside, CT 18441",Y,miles
632,Victoria Nichols,251-17-0700,"753 Julie Junction
New Brentfurt, DE 73027",Y,miles
633,Yolanda Montgomery,082-88-1279,"Unit 0035 Box 5872
DPO AA 19710",Y,hours
634,Daniel Huffman,837-87-5691,"283 Ronald Points
Sheilaview, VI 06402",N,miles
635,Scott Simon,282-46-2258,"6473 Lance Hills Suite 773
Coxstad, NH 99205",N,miles
636,Elizabeth Weber,844-14-7024,"3846 Brewer Lake
North Rebecca, ID 44867",Y,miles
637,Gina Atkinson,280-53-1290,"4181 Joseph Forges
Gonzalesshire, WI 71843",Y,hours
638,William Quinn,401-04-4835,"5341 Woodward Shoal Apt. 900
Port Melissaport, MA 01727",N,miles
639,William Horton,479-68-6456,"6411 Richard Mountain
West Lisaton, NY 19069",N,miles
640,Dawn Fernandez,544-16-0103,"094 Wright Crest Suite 092
East Sandraton, VI 33431",Y,hours
641,Jason Gomez,789-86-4111,"93947 Jacob Plains Suite 147
Lake Tammy, VI 54119",Y,hours
642,Kevin Fox,410-44-2961,"4318 Rodriguez Canyon Apt. 595
Lake Lori, SD 38549",Y,miles
643,Samantha Lewis,183-49-4293,"PSC 3049, Box 2759
APO AA 50470",Y,miles
644,Emily Lopez,304-48-9664,"275 Walter Port Apt. 738
Vanessaview, AR 29065",N,hours
645,Sherry Waters,767-42-9528,"301 Fry Manor Apt. 380
Port Bonnie, MT 58818",N,miles
646,Steven Garcia Jr.,747-98-6731,"PSC 1802, Box 4964
APO AP 93269",N,hours
647,Dawn Roberts,578-04-7952,"5070 Jeremy Pine Apt. 673
Bakerchester, TX 09296",Y,miles
648,Phillip West,422-19-1259,"77320 Juan Cliffs
South Williamshire, MP 07543",N,hours
649,Ronnie Villanueva,860-96-0929,"41947 Thompson Prairie Apt. 583
East Brandon, MN 95123",Y,hours
650,Tiffany Jennings,565-20-2044,"2299 Weaver Village
Debrashire, PA 05417",Y,miles
651,Stacey Ellis,892-11-5815,"0756 Caitlyn River Apt. 794
Carterville, MA 83427",Y,miles
652,Alexandria Graham,522-71-0310,"029 Crosby Island Apt. 505
South Josephmouth, NJ 79114",N,hours
653,Nancy Rodgers,844-92-8392,"5523 Case Overpass
North Sarahview, IL 13176",Y,hours
654,Teresa Wright,102-73-5438,"3376 Elizabeth Street Apt. 776
East Daleborough, PA 77147",Y,miles
655,Kayla Mendoza,314-33-7241,"390 Rodriguez Burg
East Richard, AL 91591",Y,miles
656,Adam Khan,589-30-3682,"61313 Austin Ways
North Aaron, MO 81444",Y,hours
657,Vincent Aguilar,489-58-7964,"PSC 5213, Box 1952
APO AA 71841",Y,hours
658,Paul Campbell,421-28-1380,"73639 Nicole Knoll Suite 555
New Julieberg, SD 20774",N,miles
659,Daniel Donaldson,518-82-2029,"88284 Garrett Lodge Apt. 304
Tylerton, PW 48985",Y,hours
660,Amanda Green,305-25-5162,"7011 Kathryn Mall Apt. 406
Gonzalezton, SC 19367",Y,hours
661,Jamie Cook,138-30-2307,"82168 Kimberly Lakes
South Thomasville, MH 81674",N,hours
662,Renee Anderson,312-48-4528,"192 Sims Oval Suite 846
East Vanessafurt, IA 75890",N,miles
663,Mitchell Mahoney,027-33-1998,"402 Megan Mountain
Dariushaven, MS 62759",N,miles
664,Mr. Jesus Harris,403-47-3935,"198 Robert Street
Beverlystad, AK 29863",N,miles
665,Matthew Velasquez,595-20-3254,"177 Espinoza Roads
Lake Susan, OH 68165",N,miles
666,William Keith,359-62-6116,"71807 Jasmine Drives Suite 872
West Katherine, OH 03518",Y,miles
667,Jamie Wheeler,723-21-1547,"9175 Vang Burgs Suite 785
South Jonathan, AK 31502",N,miles
668,Stacy Boyd,034-56-0668,"551 Jose Landing Suite 902
Moralestown, FM 13462",Y,hours
669,Shannon Simpson,887-75-3675,"83737 Megan Glens Suite 192
Port Danaborough, MD 92364",Y,miles
670,Dr. Zachary Dixon MD,134-92-2793,"36198 Watts Grove
Haleborough, SD 10450",N,hours
671,Juan Thompson,873-11-4606,"4763 Boyd Rest Suite 437
New Samanthaport, MP 95691",Y,miles
672,Michelle White,546-01-8694,"10602 Jeffrey Mission Suite 727
Toddmouth, AR 31716",Y,hours
673,Bradley Davis,271-85-5184,"43555 Jillian Mountain
North Michaelbury, NJ 60666",N,miles
674,Ashley Cunningham,024-69-7325,"1815 Rodriguez Roads
Jessicaberg, DC 83395",N,miles
675,Stephanie Obrien,310-82-7753,"605 Reynolds Summit Apt. 419
North Jeffrey, VA 91166",Y,miles
676,Robert Ryan,866-89-3522,"4185 Ivan Row
Port Sarahton, VT 35522",Y,miles
677,Taylor Brewer,867-65-7187,"447 Marshall Hollow
South Matthewfurt, MH 51824",Y,hours
678,Amanda Poole,774-61-2746,"9088 John Stream Apt. 172
West Heather, MO 79038",N,hours
679,Darin Hernandez,866-59-7063,"2775 Jackson Lodge
Briannafurt, IN 28099",Y,miles
680,Jeremy Powell,600-16-3632,"Unit 5275 Box 9658
DPO AE 13120",N,miles
681,David Marquez,579-81-5130,"82470 Veronica Loaf Suite 002
Maxwellbury, ND 06894",N,hours
682,Gina Sanchez,056-94-8406,"6566 Jesse Station
West Markmouth, MO 39734",Y,miles
683,Danielle Jackson,349-25-3271,"5759 Hunter Village
Lake Tyler, NE 18740",Y,hours
684,Renee Caldwell,628-08-2207,"7221 Hall Hollow
Lisaton, MS 35112",Y,hours
685,Richard Lee,868-56-1237,"33566 Jason Plains Suite 016
Lake Carlos, AR 03066",N,hours
686,Dr. Nicole Hernandez,693-65-3373,"2636 Vargas Corner
New Keith, IA 30046",N,miles
687,Melissa Walters,899-32-4877,"465 Crystal Point
Lake Mariafurt, AL 54689",N,hours
688,Shawn Alvarez,746-91-4288,"11111 Dale Falls Apt. 461
Douglasberg, IA 43035",N,miles
689,Monica Webb,194-64-1896,"7409 Mcdonald Lights Apt. 015
West Donnafort, SC 34380",N,miles
690,Alexis Wood,841-08-4341,"83501 Castaneda Alley
Lucaschester, KY 69606",N,miles
691,Christina Rogers,048-38-6774,"396 Anthony Road
Jamesburgh, GU 04321",N,hours
692,Nathan Torres,378-23-5347,"751 Victor Streets
New Destinyport, IN 69964",N,miles
693,Cory Chan,372-64-8987,"PSC 7749, Box 4254
APO AE 17034",N,hours
694,Ronald Maynard,188-02-9784,"673 Richard Inlet Suite 283
Margaretton, NJ 79623",N,hours
695,Thomas Le,413-70-0210,"65195 Evelyn Squares
Bennettside, OH 64163",N,miles
696,Monica Robinson,132-85-5128,"5717 Wolfe Street Suite 712
Lake Amberville, VT 91092",N,hours
697,Paul Johns III,875-60-2104,"Unit 6474 Box 1094
DPO AE 78750",Y,hours
698,Richard Mueller,843-06-8279,"896 Bernard Creek Suite 304
Anitaville, VT 47601",N,miles
699,Jamie Goodman,372-24-6009,"02891 Hopkins Brook
New Craig, RI 08339",Y,hours
700,Jessica Moore,706-63-4263,"195 Michael Spur
Lake Meghan, VA 14863",N,miles
701,Dr. Joseph Harris,127-35-6632,"59689 Williams Mountains
Estradaburgh, MP 98491",Y,hours
702,Molly Taylor,680-38-1553,"276 Brooke View
Hollandfort, WI 37290",Y,hours
703,Craig Williams,083-82-8691,"7126 Jason Square Apt. 228
Cookmouth, ND 34095",Y,miles
704,Susan Jackson,755-75-1731,"57172 Lawrence Canyon
Lake Calvinbury, PA 41026",Y,hours
705,Gavin Barnes,034-21-4999,"50848 Kelly Oval
Ruizfurt, VT 58142",N,hours
706,Mark Hampton,674-82-2556,"USS Hardy
FPO AE 06604",N,hours
707,Amanda Dyer,470-83-2577,"53901 Linda Corners Suite 196
Judyburgh, AL 67571",N,miles
708,Charles Jones,203-33-1442,"Unit 6590 Box 0532
DPO AA 30046",N,hours
709,Jonathan White,005-89-4170,"0271 Levi Green
South Danielmouth, ID 82173",N,hours
710,Samuel Davies,004-63-5143,"7333 Lawrence Dam
Lake Markshire, FL 54415",Y,miles
711,Colleen Taylor,876-43-3961,"571 Adams Squares
East Angelashire, MH 15774",N,hours
712,Alice Johnson,547-46-5282,"94090 Smith Freeway Apt. 253
Amandahaven, WI 72707",N,miles
713,Veronica Munoz,739-92-3152,"23400 Kathleen Island
Anthonyside, IN 36326",Y,hours
714,Holly Howard,822-22-5575,"918 Christine Mission Apt. 680
Brookeburgh, OK 30889",Y,miles
715,Michael Duran,731-09-6428,"USNV Cooper
FPO AA 72370",Y,hours
716,Travis Hess,563-36-8008,"8753 Nicole Land Apt. 994
Stewartside, IA 96100",N,hours
717,Debra Wilkinson,768-59-7899,"053 Haas Green Apt. 966
Ellisburgh, MN 88230",Y,miles
718,Mr. Ricardo Williamson,898-04-5026,"35401 Julie Throughway
Brittanyhaven, VI 42836",Y,miles
719,Heather Sheppard,219-65-4634,"PSC 8335, Box 9342
APO AA 23776",N,miles
720,Noah Michael,234-42-1047,"6744 Garcia Plaza Apt. 311
East Bill, WI 63041",Y,hours
721,Allen Carter,331-04-9027,"48086 Jennifer Islands Apt. 908
South Kenneth, GU 12654",N,miles
722,Brian Parker,681-54-5950,"59917 Aguilar Mission
Kellyburgh, IN 95503",N,hours
723,Christopher Salinas,589-09-9219,"5749 Mckenzie Cove Apt. 784
Lake Vickiside, OK 08571",Y,hours
724,Christina Summers,841-94-1505,"Unit 5504 Box 0466
DPO AE 12284",N,hours
725,Lindsey Wilcox,246-09-2581,"696 Jeanette Groves
Timothyberg, FM 45220",N,hours
726,Shelly Harris,837-47-6155,"33309 Lisa Lodge
Arnoldborough, ID 71404",Y,hours
727,Jacqueline Miller,101-60-7354,"7003 Ruben Greens
Hernandezfort, PA 40286",Y,hours
728,Jeffrey Evans,686-43-3961,"91861 Andrew Shores Suite 549
West Damon, ME 65983",N,miles
729,Sarah Marquez MD,860-11-8791,"62911 Bradley Manors
South Robert, SC 93765",N,hours
730,Bob Nguyen,879-84-6180,"203 Gregory View Suite 809
Smithview, ME 95025",N,hours
731,Heidi Anderson,134-84-0403,"735 Thomas Ridges
Woodside, VI 69070",N,miles
732,Andrea Palmer,225-82-2087,"89579 Livingston Field
East Kristi, RI 79710",Y,miles
733,David Taylor,173-32-0170,"7057 Hamilton Ridge
West Kristina, AS 16613",Y,hours
734,Crystal Hodge,862-42-3733,"240 Parsons Drive
Charlesview, OH 25354",N,hours
735,Melissa Perry,195-95-0727,"112 Crystal View Suite 585
New Brandon, OH 11186",Y,hours
736,Gary Perry,107-94-7282,"6531 Burton Brooks
Mollybury, SC 41229",Y,miles
737,Philip Bentley,889-54-1281,"658 David Greens
Kathyton, NJ 69359",Y,hours
738,Pamela Caldwell,008-87-9901,"91426 Soto Lock Suite 744
Hallmouth, ME 13079",Y,miles
739,Connie Mata,548-83-3575,"85353 Davila Creek
West Donnafurt, AS 63963",N,hours
740,Margaret Fry,096-68-6985,"2328 Anthony Path
East Mikeville, MH 38217",Y,hours
741,Alexis Stanley,031-25-6581,"380 Christopher Plaza Suite 927
Jefferyland, CT 58544",N,miles
742,Jacob White,813-69-3057,"7041 John Run
North Ronaldside, NV 65636",Y,hours
743,Monique Esparza,075-91-6547,"139 Bailey Square Suite 868
East Michaelland, AZ 67806",Y,hours
744,Cindy Myers,387-81-3446,"USNV Middleton
FPO AE 83127",Y,hours
745,Daniel Adams,496-41-5473,"021 Eric Shoals
North Danielton, GU 93707",N,hours
746,Lee Stephens,504-94-1749,"304 Bowman Square
Dudleyview, PW 01636",N,hours
747,Laura Collins,657-43-3757,"294 John Crest Suite 372
West Kristinview, FL 32224",Y,hours
748,Robert Lucas,037-83-7405,"953 Brown Valley
New Lucas, UT 78809",Y,miles
749,Victor Atkinson,224-65-3674,"1716 Gina Radial Apt. 133
East James, PR 25931",Y,miles
750,Catherine Nelson,132-88-0003,"6489 Emily Tunnel Apt. 691
Kayleemouth, WV 10599",Y,miles
751,Heidi White,577-75-8089,"82477 Hill Alley Apt. 704
New Aaronport, IL 95084",N,miles
752,Molly Johnson,095-47-6461,"970 Edwards Burg
Matthewshire, PR 98788",N,hours
753,Emily Rivera,716-17-0281,"503 Lynn Well
North Paula, VI 29536",Y,hours
754,Stephen Wilson,340-81-6077,"525 Garza Curve Suite 415
East Sherri, MP 88128",N,miles
755,Peter Johnson,411-02-8226,"933 Dorsey Wells
Lake Christy, DE 17375",Y,miles
756,Suzanne Hill,781-92-5486,"6510 Beth Mission Apt. 445
Markton, GU 46836",N,miles
757,Damon Schroeder,361-23-3577,"PSC 3716, Box 4731
APO AE 16627",N,miles
758,Stacy Carr,816-70-7341,"29892 Rice Point
Lake Tara, ND 32662",N,miles
759,Hailey Richardson,516-64-3808,"9502 Evans Valleys Suite 596
Christinachester, TN 45129",Y,hours
760,Anne Morales MD,776-62-2461,"24282 Cruz Ferry
East Ronaldborough, NH 92264",N,miles
761,Todd Monroe,569-31-0139,"878 Cohen Mill Suite 809
Dorseyport, GA 44758",Y,hours
762,Ryan Weaver,293-87-5533,"613 Danielle Freeway Suite 476
Jasonshire, VT 90911",Y,miles
763,Theresa Sanchez,816-30-8700,"7760 Micheal Junctions Apt. 526
Victoriatown, VA 24386",N,miles
764,Matthew Kelley,759-83-8769,"Unit 7854 Box 4625
DPO AA 21137",N,miles
765,Jonathan Kelly,659-26-0727,"Unit 9897 Box 4877
DPO AE 72102",Y,hours
766,John Garcia,221-82-1603,"9717 Daniel Cove Apt. 308
West Scott, DC 16913",Y,miles
767,Tamara Reyes,363-14-6489,"43321 Williams Common Apt. 862
Michaelstad, GU 02702",Y,miles
768,Marissa Miller,619-28-0497,"770 Hughes Locks
Turnerfurt, NV 39800",Y,miles
769,Erica Woods,756-52-0751,"46593 Jones Overpass
South Robertchester, AS 36326",Y,hours
770,Anna Sanders,064-93-8697,"Unit 2137 Box 8842
DPO AE 96090",N,miles
771,Gregory Jones,029-87-3083,"27683 Jared Row Apt. 762
Laurafurt, NC 84215",Y,miles
772,Susan Prince MD,529-22-9659,"Unit 7330 Box 1946
DPO AA 94908",N,hours
773,Kathryn Barry,081-39-7027,"Unit 5687 Box 2103
DPO AA 13524",N,hours
774,Kathryn Lopez,625-84-2273,"67038 Linda Roads Apt. 937
Kristineshire, CT 26372",N,miles
775,Rhonda Smith,287-63-8845,"762 Erik Square Apt. 727
Port Martha, CT 25928",N,miles
776,Laurie Jones,763-59-1037,"287 Williams Port
Danielborough, NY 61826",N,hours
777,Eric Allen DDS,550-77-2893,"106 Lindsey Roads Suite 822
West Dannyberg, VT 58177",N,hours
778,Kyle Ramirez,422-93-0287,"PSC 9122, Box 6730
APO AP 76440",Y,hours
779,Craig Hernandez,705-57-5683,"8550 Kristen Brook Apt. 269
Port Courtney, WI 11961",N,hours
780,Derek Robinson,108-48-8467,"3401 Campos Inlet
Johnberg, NE 96038",Y,hours
781,Ashley Rodriguez,086-77-3121,"30954 Tammy Hills Suite 721
North Emily, MD 82886",Y,miles
782,Lauren Hartman,415-59-4121,"91185 Cobb Inlet Apt. 415
Tiffanyfurt, AS 71010",Y,miles
783,Gregory Cannon,068-77-0366,"32061 Jared Radial
Port Jacquelineland, WY 93762",Y,hours
784,Katherine Lopez,482-54-4279,"959 Frazier Hollow
Port Vincent, AS 53716",Y,miles
785,Laura Bailey,163-27-5939,"PSC 0896, Box 8238
APO AP 53476",Y,miles
786,Tyler Perez,245-71-8435,"01741 Anthony Inlet
Hendersonport, VI 02555",N,miles
787,Lawrence Singh,026-51-9623,"58103 Travis Junctions
North Kimberlyville, WA 87621",N,hours
788,Tami Hammond,424-26-5472,"539 Stephanie Stream Suite 175
Port Alexander, VI 74705",Y,hours
789,Michelle Henry,531-20-5837,"564 Mariah Meadow Apt. 694
West Timothy, MH 56948",N,miles
790,Kimberly Lowe,205-50-9372,"2220 Blair Flats Apt. 059
Lake Brendachester, GU 35277",Y,hours
791,Tracie Lawrence,862-73-3870,"6546 Angela Mountains
Bradyside, MD 98550",Y,miles
792,William Mueller,504-78-7455,"0153 Christopher Roads Suite 267
East Sara, MT 88729",Y,miles
793,Joseph Miller,282-18-0722,"196 Howard Plains
Lake Davidburgh, OR 15582",N,miles
794,Michael Chase,050-45-7174,"16446 Walker Crossing
Lake Sarahbury, WI 74810",N,hours
795,Jason Allen,845-57-1210,"Unit 0516 Box 7309
DPO AA 44926",Y,miles
796,Margaret Haynes,310-57-6896,"4796 Jacob Lock
Amandaborough, VT 95616",N,hours
797,Anthony Mullins,291-35-5390,"41032 Rivers Manors
Natashaland, AR 54308",Y,hours
798,Lori Schmidt,735-10-2636,"88220 Ronald Cliffs
Craneside, CT 03909",Y,hours
799,Jacob Porter,655-15-5574,"092 Kennedy Pines
New Margaretmouth, VI 05194",N,hours
800,Angelica Mcdaniel,733-16-7135,"4690 Cynthia Drive
North Steventon, PA 62290",Y,hours
801,George Alvarado,364-19-2465,"87623 Jonathan Prairie Suite 274
West Amandafurt, RI 32260",N,miles
802,Janice Hamilton,311-21-5991,"066 Murray Dale Apt. 788
West Shannon, SD 07381",Y,miles
803,Alyssa Haley,508-50-2888,"90532 Lawrence Light
Lake Alyssa, NH 83469",N,hours
804,Darrell Alvarez,197-07-1820,"46189 Ortega Islands
Normanberg, WY 85483",N,miles
805,Jenna Alexander,478-67-4483,"724 Donna Corners
North Nicolemouth, VI 43416",N,hours
806,Mitchell Roberts,452-05-6798,"7315 Ronald Forge
Ryanstad, CO 54842",Y,hours
807,Sarah Farmer,799-82-5571,"192 Robert Lock
Hancocktown, LA 69669",N,miles
808,Aaron Barajas,160-81-5241,"18281 Campos Valleys
Torreshaven, SD 15209",N,miles
809,Sandra Schultz,677-42-6959,"78578 Rodriguez Drive Suite 957
Port Emily, NE 58875",N,miles
810,Bobby Rosario,601-61-6340,"8235 Lyons Rapid Suite 868
Davismouth, UT 95485",N,miles
811,Ashley Edwards,622-86-4305,"272 Hood Mills Suite 192
Millershire, LA 70661",N,miles
812,Timothy Brown,427-87-2023,"72456 Brianna Fort
East Glennport, OH 06888",N,miles
813,Destiny Burton,318-05-8755,"192 King Hill Suite 137
Teresamouth, MN 38784",Y,hours
814,Karen Jones,845-39-9879,"97480 Carrie Stream Suite 798
Stevenfort, PA 82038",Y,miles
815,Kathy Walker,320-15-4484,"USNV Thomas
FPO AP 27235",N,miles
816,Vincent Navarro,542-74-3119,"3457 Lee Street
North Brian, LA 34373",N,miles
817,Lori Elliott,180-95-6616,"30742 Cisneros Plaza Apt. 448
Lake Sarahfurt, IL 77766",N,miles
818,Jeremy Reyes PhD,412-74-8340,"87193 Jonathan Summit Apt. 175
Lake Stephanie, RI 52083",N,hours
819,Shane Johnson,386-17-1092,"37068 Jo Ville Suite 013
Collinsfurt, CO 93934",Y,miles
820,Jose Williams,119-77-1815,"060 Justin Fort Suite 313
New Rosebury, SC 06940",Y,hours
821,Kimberly Nelson,057-23-0357,"054 Heather Cape Apt. 659
Lake Maryfort, VT 80252",Y,miles
822,Kimberly Bailey,317-08-2643,"581 Henry Lane
East Jamiebury, AK 18516",N,hours
823,Elizabeth Bonilla,395-65-2915,"Unit 3352 Box 2148
DPO AP 38907",N,miles
824,James Rivera,626-67-3033,"3152 Mary Vista
Shawnfort, KY 91299",Y,hours
825,Richard Robertson,418-42-6191,"223 Mason Bridge
New Aaron, FL 92737",N,miles
826,Darren Parker,253-68-6983,"38067 Robert Hills
South Paula, NJ 62702",Y,miles
827,Colleen Murphy,857-75-0039,"505 Lyons Oval Apt. 275
Carrillofort, AS 48113",Y,miles
828,Misty Cross,751-47-7670,"8437 Arthur Spring Suite 500
South Kathleen, VA 57538",Y,miles
829,Betty Castillo,649-02-3978,"499 Benjamin Ports Suite 064
South Larrytown, NY 22013",N,hours
830,Christina Thompson,273-68-0118,"439 Munoz Harbors
South Thomas, NC 51639",Y,miles
831,Jacob Phillips,734-31-1714,"4055 Cassidy Brook Apt. 240
Stewartburgh, MD 28034",Y,miles
832,Jessica Contreras,560-54-7198,"850 Pham Burg Apt. 393
New Grace, PW 37107",Y,hours
833,Jeffrey Kline,580-20-8947,"016 Kimberly Center
Rickstad, NM 40052",N,miles
834,Michelle Hunt,813-23-2334,"01154 Kelsey Lakes
Lake Timothyhaven, PW 21833",Y,hours
835,Elizabeth Stewart,626-92-6607,"Unit 0210 Box 3167
DPO AE 37236",Y,hours
836,Sarah Miller,859-58-2103,"68786 Veronica Valley
Jenniferport, UT 93400",Y,hours
837,Sandra Gonzales DVM,212-45-4845,"447 Stephanie Passage
Williamstad, MS 99610",Y,miles
838,Marie Ramsey,127-59-0993,"8452 James Estate Suite 992
Lake Isabella, NM 85234",N,miles
839,Christine Ortega,415-62-5804,"78061 Francisco Unions Suite 697
Gamblehaven, IL 58317",Y,hours
840,Devin Thomas,474-93-4509,"29739 Simpson Shoals Apt. 438
Annview, WY 22376",N,hours
841,Danielle Sosa,142-97-1246,"06346 Jones Groves
Rodriguezton, NM 65064",Y,miles
842,Valerie Jordan,785-27-3669,"057 Reid Prairie
Michaelberg, HI 42174",Y,hours
843,Diana Guerrero,193-07-3661,"6517 Joseph Canyon Suite 060
Ortiztown, PR 15167",Y,miles
844,Samuel Pitts,419-66-0671,"6988 Karen Brooks Apt. 032
Port Jordanside, VA 64198",N,miles
845,Roy Lowe,647-52-9041,"0161 Dennis Hills
Jenniferton, CT 33755",Y,miles
846,Lisa Gutierrez,292-77-1700,"38896 Huber Highway
North Samuelstad, NH 10845",Y,hours
847,Taylor Gillespie,549-21-5793,"733 Kelly River Suite 537
Port Sarahbury, LA 56579",Y,hours
848,Kristen Hendrix,869-04-9141,"78596 Parker Inlet
Brittanyhaven, MO 17455",N,miles
849,John Sanders,536-60-2571,"30646 Deanna Lakes
Lake Jenniferbury, TX 66945",Y,miles
850,Dakota Chen,039-83-0539,"4513 Anne Field Suite 305
Martinland, OR 30865",N,hours
851,Terry Todd,437-87-2025,"Unit 5817 Box 1647
DPO AA 58150",N,miles
852,Rita Long,489-71-5723,"61734 Navarro Curve
Port Courtneybury, KS 41834",N,miles
853,Vanessa Hawkins,642-46-9372,"8694 Norma Circles Apt. 949
Fergusonport, MD 27282",N,hours
854,Jeanette Garcia,311-87-0867,"0107 John Road
Robinsontown, VI 59233",N,miles
855,Jose Turner,660-45-7219,"PSC 2946, Box 2283
APO AE 96208",Y,miles
856,Mathew Dalton PhD,844-58-8846,"489 Kelly Manors Apt. 589
Delacruzville, MH 56966",N,hours
857,Jennifer Lang,365-96-2312,"497 Nichole Shore
Michaelside, KY 85048",N,miles
858,Benjamin Santos,139-94-2072,"65697 Jonathan Overpass Apt. 076
South Robertburgh, IN 42295",N,hours
859,William Marsh,222-21-9481,"34440 Carlos Parkway
Youngview, HI 88947",N,miles
860,Patricia Gonzalez,536-49-3412,"92695 Carr Islands Suite 460
North Nicholas, AL 81888",N,miles
861,Felicia Terry,185-48-7997,"5485 Lisa Orchard Apt. 401
South Sarah, MD 83025",N,hours
862,Victor Rhodes,331-67-9881,"75890 Denise River
Karenfurt, AR 83468",N,miles
863,Olivia Butler,004-37-7546,"112 Helen Mission Suite 444
Timothyhaven, CO 50271",N,hours
864,Sandra Williams,484-61-9286,"6545 Brandy Glens
West Manuel, SD 45015",Y,hours
865,Corey Hicks,151-88-8468,"27752 James Port
North Andrewburgh, AK 30834",Y,hours
866,Amy Hicks,090-80-4070,"0646 Corey Center Suite 904
East Elizabethville, VI 13681",N,miles
867,Eric Valencia Jr.,799-77-7046,"8236 Knight Fields
Jamesview, RI 46309",N,hours
868,Ms. Cynthia Woods DVM,444-90-3155,"50464 Brown Prairie Apt. 051
Blankenshiptown, MD 84487",N,hours
869,Rachel Torres,854-85-0599,"8520 Madeline Manors Suite 523
Rebeccaside, OH 04131",Y,hours
870,Kathleen Munoz,762-34-8648,"190 Michael Hills
Cindychester, VA 95470",N,miles
871,Amanda Rodriguez,007-62-7030,"5531 Webster Ramp Apt. 624
Johnhaven, FM 40371",N,miles
872,Michael Bowers,725-08-3023,"155 Larsen Harbors Apt. 461
Raymondstad, PA 16841",Y,hours
873,Kathleen Reed,237-51-1059,"01095 Moore Way
Sarahmouth, NM 19103",Y,miles
874,Dylan Kelly DDS,866-86-6732,"975 Weber Island Apt. 503
Chelseyfort, ND 36166",N,hours
875,Earl Brown,763-47-9941,"Unit 3570 Box 5959
DPO AP 50215",N,hours
876,Rebecca Cook,242-53-3757,"32302 Oliver Isle Suite 772
Davistown, AL 02513",Y,hours
877,Derrick Walker,183-02-9922,"72751 Lester Manors Suite 100
West Ericville, MI 98402",Y,miles
878,Duane Baker,465-57-7355,"60380 Silva Alley Suite 110
Clarkshire, WV 74891",N,miles
879,Ann Montoya,818-49-4276,"3276 Marilyn Landing Apt. 163
West Charlotte, CT 94935",Y,hours
880,Bianca Ramirez,004-37-1392,"610 Aguilar Pine
Amandamouth, ID 17297",N,miles
881,Melissa Martin,006-35-9135,"Unit 2215 Box 4668
DPO AE 00597",Y,miles
882,Timothy Guerrero,662-79-0799,"71726 Gibson Motorway Apt. 904
North Ianberg, FL 84839",Y,miles
883,Amber Robbins,078-46-4394,"735 Farley Trail
North Sheliafort, PA 99830",N,miles
884,Amanda Adams,548-52-7915,"552 Elizabeth Corners
North Jenniferland, MO 60900",Y,miles
885,Christopher Castro,327-26-1866,"57714 Kimberly Prairie Apt. 308
North Dawnchester, KS 67749",N,hours
886,Dennis Joyce,636-90-6376,"70696 Smith Pass Apt. 255
Gomezland, RI 29679",Y,hours
887,Heather Wu,257-25-5949,"379 Mcfarland Branch
Maxchester, VT 68317",Y,miles
888,Matthew Taylor,336-69-5463,"0205 Stark Prairie Suite 239
Port Daniellebury, AL 21151",Y,hours
889,Jessica Juarez DDS,834-72-2336,"USS Hoffman
FPO AA 17144",N,hours
890,Mr. Steven King,487-39-2218,"71739 Rodriguez Fields
North Bobbybury, AL 98712",Y,miles
891,Sydney Sims,233-52-1953,"3959 Michael Village Apt. 966
Audreystad, PW 03642",N,hours
892,Karen Bush,730-61-8181,"USNS Lopez
FPO AA 65852",N,hours
893,Amanda Vasquez,274-77-5495,"461 Weber Spurs
Alexandriastad, FL 44988",Y,hours
894,Eric Thompson,289-65-1192,"346 Shepherd Mountains
East Chelseashire, IL 63976",Y,miles
895,Jacob Smith,831-66-3414,"880 Conley Brooks Suite 416
New John, WI 72062",Y,hours
896,James Lopez,596-68-6020,"2068 Patrick Forges Suite 669
North Gina, IA 69024",Y,miles
897,Mariah Kemp,766-55-2840,"3956 Kelly Neck Apt. 743
New David, MS 14316",Y,hours
898,Samantha Marshall,276-48-5315,"96595 Smith Village Apt. 856
Sharpstad, NJ 73761",N,miles
899,David Camacho,408-75-7601,"04954 Woodard Route
North Julia, GA 97654",N,miles
900,Jose Davis,237-09-7965,"3479 Munoz Flats Apt. 902
Williamville, MT 93923",N,miles
901,Mark Kelly,698-63-9043,"USNV Vargas
FPO AA 64307",N,hours
902,Victoria Oneal,275-55-4521,"782 Lopez Roads Apt. 355
Odomview, SC 24150",N,miles
903,Claire Wilkinson,864-14-0908,"048 Edward Shores Apt. 640
Stevenview, IA 82791",N,miles
904,Mark Lee,356-32-4102,"20521 Jason Summit Apt. 130
Port John, DC 31198",N,hours
905,Julie Perez MD,375-40-4875,"918 Harper Viaduct
Davidshire, CT 25254",Y,hours
906,David Robinson,053-56-6281,"446 Russell Shoals
East Teresa, WV 26986",Y,miles
907,Dr. Connie Gardner,822-08-6633,"652 Tammy Heights Suite 626
Nicolehaven, CT 67073",Y,hours
908,Meredith Bird,441-75-4288,"5571 Melissa Locks Suite 079
Suzanneport, MP 68113",Y,hours
909,Phillip Hicks,211-11-3682,"73069 Julie Inlet Apt. 362
East Brucefurt, FL 63130",N,hours
910,Ruben Sutton,285-35-5374,"6074 Stephen Mountain Suite 425
North Jeremyport, IN 65921",Y,hours
911,Robin Gomez,721-70-3212,"27180 Hood Via
New Carolynville, MT 25718",Y,miles
912,Manuel Collins,011-20-1799,"422 Luis Wall
North Kathrynburgh, MP 39690",Y,miles
913,Maria Martin,345-96-0306,"134 Thornton Square
Bradleyfurt, RI 32903",N,miles
914,Charles Davis,786-97-6824,"76323 Campbell Pines
Edwardshaven, FL 88172",Y,miles
915,Joseph Mckenzie,412-86-7802,"PSC 2283, Box 1832
APO AP 91767",Y,hours
916,Nancy Davis,894-83-6868,"797 Thompson Ports Apt. 533
Tammyberg, GA 89495",Y,miles
917,Anthony Moore,071-66-3859,"3765 Boyle Branch
Hernandezside, CO 75123",N,miles
918,Michael Anderson,691-32-1060,"4466 Thomas Shores Suite 564
East Meganport, NM 06937",Y,miles
919,Rodney Mitchell,727-25-3516,"02923 Debra Lock Suite 864
South Hayleyberg, AK 46526",N,miles
920,Christopher Brewer,023-26-3044,"822 Bailey Loop Suite 884
Lisaborough, NJ 81852",Y,miles
921,Robert Cunningham,755-50-8289,"94381 Garcia Roads Suite 292
Wilsonchester, WV 26673",N,hours
922,Michelle Smith DDS,510-53-6607,"661 Emma Forge Suite 211
Brittanyfort, MD 43821",N,miles
923,Michael Lamb,356-41-5497,"62955 Edwards Run
West Michelefort, CO 71106",Y,hours
924,Larry Rogers,501-40-4993,"96384 Bass Expressway
Jasonbury, IA 01450",Y,miles
925,James English,722-93-5658,"USS Smith
FPO AP 81151",Y,miles
926,Sara Hancock,884-10-3075,"USNV Gonzalez
FPO AE 98091",N,miles
927,Stacy Jones,656-01-8838,"39081 Toni Mountain Apt. 318
Andrewbury, NH 61233",N,miles
928,Marc Delacruz,361-55-9948,"0257 Donald Lake
East Christinestad, OH 52476",N,miles
929,Aaron Lopez,759-43-9023,"90680 Sawyer Lake Apt. 085
New Joemouth, GU 77088",N,hours
930,Diamond Middleton,013-76-1250,"84438 Karen Ferry Apt. 656
Danielport, KY 51852",Y,miles
931,Katrina Leonard,109-46-8906,"9558 Lopez Street Suite 653
Potterview, KS 37273",N,hours
932,Jessica Donovan,106-91-1894,"80207 Jake Rue
Stewartmouth, GU 28535",N,miles
933,Michael Sanchez,686-21-5380,"56784 Alexandra Fall Apt. 386
Fraziermouth, FL 54596",Y,miles
934,David Leblanc,857-50-0969,"245 Andrew Ways Suite 149
Port Danaburgh, MA 11238",Y,miles
935,Barbara Rodriguez,332-53-6403,"38752 Omar Oval
Raystad, VI 08651",Y,miles
936,Mark Parks,429-32-2379,"USNS Garner
FPO AE 37855",Y,hours
937,Gerald George,701-14-4146,"905 Kimberly Crescent
Aliciaside, CT 24823",N,miles
938,Daniel Nunez,111-61-1565,"1913 May Camp Suite 030
East Davidview, KY 61633",N,miles
939,Taylor Smith,256-72-4912,"9824 Walters Views Apt. 637
South Sergioside, IA 56032",N,hours
940,Sergio Herrera,057-94-8381,"742 Maria Expressway
East Shelby, IL 35391",N,miles
941,Christopher Hall,061-32-4334,"965 Lisa Well
Port Jason, TN 50281",Y,hours
942,Darren Williams,037-40-3546,"27672 Dustin Wall Suite 602
West James, NV 33620",N,miles
943,Jessica Stark,895-35-0760,"82662 Anthony Walk
Rachelbury, PR 36914",Y,hours
944,Jeffery Dennis,134-53-4844,"760 Thomas Ports
Henryberg, DE 71152",Y,miles
945,Sara Johnson,166-05-6964,"8846 Torres Estates
West Lance, GA 90029",N,miles
946,Cassandra Glass,750-31-6949,"583 Tapia Via Apt. 819
North Jason, TN 29047",N,miles
947,Michael Shaw,780-37-4933,"237 Kathleen Cove Apt. 428
West Cheyenne, RI 03837",Y,miles
948,Angela Ross,133-05-1171,"USNS Thomas
FPO AA 39930",Y,miles
949,Eric Smith,823-96-4051,"8205 Joseph Bypass
Calvinport, TX 46121",N,miles
950,Brittany Glenn,595-90-8283,"2550 Patrick Pines Suite 741
Phillipsmouth, HI 86203",Y,miles
951,Lynn Gray,756-75-6523,"39153 Hansen Court
Matthewbury, NM 92049",Y,miles
952,Angel Cooper,440-17-4244,"323 Rachel Keys Apt. 072
Adkinsfort, IL 99861",N,hours
953,Alexander Smith,044-96-0200,"717 Carla Crossing Apt. 919
New Laura, OH 85156",N,hours
954,Jerry Stevens,791-90-8700,"41688 Robert Dam Suite 220
New John, CA 22845",N,hours
955,Evelyn Carter,455-37-3456,"17539 Amy Road
Wilsontown, ID 11950",N,miles
956,Kristin Wilson,616-25-7902,"4726 Jesse Neck Apt. 924
North Summerside, UT 52301",Y,hours
957,Calvin Cline,071-18-1174,"PSC 3599, Box 3817
APO AA 70330",N,miles
958,Brandy Ray,158-56-3479,"97971 David Summit
Melissaburgh, DC 74446",N,miles
959,Raymond Rich,261-12-0019,"0250 Jones Stream
Jonathanside, IN 34782",Y,miles
960,Jennifer Adams,562-35-2697,"332 Reed Glen Suite 696
Andrewfurt, OR 98735",N,hours
961,Christian Hall,082-72-5964,"56844 Patricia Plaza Apt. 063
Scottstad, WA 37129",Y,miles
962,Edward Carey,613-96-6764,"333 Mallory Common
East Thomas, NV 49393",N,miles
963,Brittany Gordon,820-20-8165,"USS Webb
FPO AP 37281",N,hours
964,Joseph Thomas,591-86-0901,"744 Jennifer Wall
Farmermouth, UT 75608",Y,hours
965,Thomas Young,881-02-9008,"519 Melendez Mall
West Jeremyton, AR 95903",Y,miles
966,Leah Phillips,517-01-9962,"2210 Christina Circles
East Joshua, IL 40581",N,miles
967,James Mcconnell,833-12-7537,"85141 Richard Squares
North Jeffrey, KY 75252",Y,miles
968,Joanne Berg,231-64-0127,"Unit 4017 Box 3785
DPO AE 30583",N,miles
969,Reginald Roberts,218-27-0808,"4309 Micheal Burg
North Damonland, AK 77167",N,miles
970,Steve Johnson,614-83-3642,"93282 Sherri Valley Suite 559
Port Noah, OH 41627",N,hours
971,Veronica Russell,560-01-1668,"3038 Candace Harbors Apt. 400
Kevinmouth, RI 65314",Y,hours
972,Allison Pruitt,263-97-6950,"49527 Mary Turnpike Suite 370
West Robertland, SD 22629",N,miles
973,Nicole Smith,774-67-1707,"817 Lewis Green Suite 493
Port Julieville, MO 65105",N,miles
974,Nicholas Sanders,380-74-9064,"329 Charles Lodge Suite 876
Randystad, VI 39315",Y,hours
975,Ernest Evans,131-33-6888,"215 Cox Islands
Rodneyton, DE 29693",N,hours
976,David Suarez,474-28-1394,"Unit 6795 Box 3670
DPO AA 22999",Y,hours
977,Kenneth Bennett,176-98-1688,"5478 Gutierrez Views Apt. 002
Leslieshire, MD 04534",N,miles
978,Michelle Hutchinson,256-87-8499,"843 Andrea Parkways
Davismouth, MN 63722",N,miles
979,Natalie Ross,030-15-2437,"29974 Timothy Terrace Apt. 808
Frankton, LA 70526",N,miles
980,Howard Hanson,878-47-5641,"Unit 3673 Box 2417
DPO AE 83732",N,hours
981,Sarah Beasley,033-56-3386,"185 Brian Corner
Hughesburgh, WI 48851",Y,miles
982,Javier Compton,021-27-0819,"08125 Isaac Bridge
Milesport, MO 29846",Y,miles
983,Brian Warner,158-50-8867,"6215 Torres Flat
Sarahview, WI 35809",Y,miles
984,Tammy Harris,633-32-6507,"PSC 4004, Box 7867
APO AE 93141",Y,hours
985,Katelyn Martinez,654-55-8767,"3752 Bruce Trail Suite 914
East Jamesfort, NE 77678",Y,miles
986,Jesse Young II,416-43-3687,"1085 Jacob Haven
North Christianport, MP 80155",N,hours
987,Rhonda Zimmerman,747-84-9826,"040 Jessica Circles Suite 588
Reyeschester, MN 80313",N,hours
988,Joseph Smith,665-79-8738,"37113 Kristin Shoal Apt. 528
Hodgestown, OH 42468",Y,hours
989,Robert Williams,692-12-1926,"871 Sara Gateway Apt. 390
Jennytown, LA 77641",Y,hours
990,Stacy Henry,846-15-7571,"38841 Renee Path Apt. 951
Matthewhaven, NH 29670",N,hours
991,Joseph Hall,231-58-2349,"696 Olivia Way
New Kathryn, LA 92383",N,miles
992,Michael Miller,461-50-3134,"274 Danielle Tunnel
Port Anthony, DC 28139",Y,miles
993,Megan Rios,612-01-6848,"44577 Kent Hill
South Susanberg, MS 33208",N,hours
994,Charles Peters,273-09-2818,"111 Tracey Glen
Paulfurt, ID 04995",Y,miles
995,Deanna Green,464-54-2875,"3883 Dorothy Spur Apt. 330
Sherryland, NE 05148",Y,hours
996,Brittany Cooper,172-63-6021,"31733 Steven Turnpike Suite 334
Lisaland, AK 36342",N,miles
997,Sabrina Murphy,292-51-7152,"989 Charles Street
Port Jordanbury, IN 19862",Y,hours
998,Brooke Chavez PhD,428-71-9830,"Unit 3374 Box 2806
DPO AE 15135",Y,hours
999,Eric Reilly,336-48-8762,"8348 Rebecca Orchard Suite 491
Robertmouth, CT 25544",N,miles
1000,Tina Gomez,262-73-8088,"6767 Henry Knoll
West Donaldland, WA 09320",Y,miles
1001,Julie Foster,706-35-9806,"1692 Wesley Freeway Apt. 374
Alvaradofurt, PR 17295",N,hours
1002,Bruce Andrade,806-55-1483,"9396 Garcia Ports Suite 759
South Monica, MH 75308",Y,hours
1003,Sean Padilla,117-71-4111,"95038 Rogers Port Suite 729
West Sarah, RI 92090",N,miles
1004,Jill Williams,031-25-4243,"56561 Doyle Throughway Apt. 114
Brianfort, CA 08617",N,miles
1005,Christopher Smith,383-69-8685,"6302 Kevin Knolls Suite 658
East Anthonyview, KS 31914",Y,miles
1006,David Olsen,397-98-2745,"1810 Thomas Burg
Shannontown, MO 86433",N,hours
1007,Brian Cox,339-77-2027,"PSC 3453, Box 3487
APO AP 86949",N,miles
1008,Mia Cooper,575-24-1594,"4151 Cruz Pass Suite 223
Danielleberg, OH 95729",N,miles
1009,Darin Robinson,874-78-3622,"94131 Lori Gateway
Michelemouth, UT 95566",Y,miles
